parentTconst	country
tt4228802	Australia
tt11120674	Mexico
tt2151220	USA
tt1311112	Japan
tt2390334	USA
tt4473482	Sweden
tt3551796	USA
tt7062944	Taiwan
tt3331564	France
tt7604126	Canada
tt1138700	India
tt6369468	Turkey
tt3764724	Russia
tt10551296	
tt2401256	USA
tt1468284	Japan|USA
tt2214573	Australia
tt10340638	India
tt8000970	UK
tt8444290	Russia|Ukraine
tt2523062	Colombia
tt0437044	Colombia
tt5621918	South Korea
tt6866266	USA
tt0431513	Japan
tt0907694	Germany|Austria
tt2570866	India
tt8502324	India
tt0434694	Japan
tt6106704	USA
tt7963758	India
tt1865801	USA
tt5368452	India
tt1239443	USA
tt1804497	UK
tt2707408	USA|Colombia|Mexico
tt4623604	Japan
tt9420566	Iceland
tt0839847	USA
tt1745240	Japan
tt8157174	USA
tt1797002	Italy|France
tt1524415	Australia
tt1984743	Colombia
tt2295809	USA|UK
tt2071140	Romania
tt0310429	Mexico
tt5684214	France
tt6132210	Mexico
tt0424600	USA
tt1100911	USA
tt9642982	UK|USA
tt0758789	UK|USA
tt7134908	Spain
tt10546966	Norway
tt2198680	Colombia
tt3431202	USA
tt6946370	Japan
tt6097200	Pakistan
tt7841278	Netherlands|Belgium
tt0411005	Serbia and Montenegro
tt1768940	Japan
tt4035398	Norway
tt2006848	USA
tt1721191	UK
tt0372081	Philippines
tt3781380	UK|USA
tt5067456	USA
tt1647838	Sweden
tt5879454	Japan
tt3839822	USA
tt8747378	Germany
tt3955712	USA
tt2733252	UK
tt0883021	Japan
tt0192910	Spain
tt1057692	Netherlands
tt0490043	Germany
tt1095324	Australia
tt0338646	Finland
tt5293610	Japan
tt8476076	Netherlands
tt0961173	Japan
tt0231042	Spain
tt0299263	Italy
tt5671168	Japan
tt0448192	Sweden
tt0450940	Norway
tt4913672	Chile
tt0261476	Canada|USA
tt3182934	Canada
tt1370331	Iceland
tt5833846	Austria|Germany|Hungary
tt0865827	Japan
tt2446726	UK
tt5620076	USA
tt0488352	USA
tt4422836	USA
tt7060712	Germany
tt0075474	West Germany
tt6055020	Finland
tt2980696	USA
tt2805112	India
tt1685401	Japan
tt0481046	Japan
tt1223917	Germany|Austria
tt3415250	USA
tt0484171	Italy
tt2657258	USA
tt1365546	Germany
tt1795083	Portugal
tt6025210	Japan
tt4465472	USA
tt3508050	UK
tt5630710	USA
tt5813728	Japan
tt1441219	USA
tt5031896	Russia
tt6942048	Turkey
tt0988815	Japan
tt4673488	Argentina
tt3877200	UK|France|Belgium|USA
tt9866602	Portugal
tt0411002	Japan
tt0297643	UK
tt1396406	Russia
tt3421612	Japan
tt3524556	Israel
tt8289758	USA
tt5497540	USA
tt0389570	Portugal
tt11256614	Turkey
tt7588054	USA
tt7310234	India
tt2288831	France
tt0243084	Taiwan
tt2078467	UK
tt1055674	Norway
tt0478946	Russia
tt6236626	Germany
tt9055242	Hungary
tt3667262	Turkey
tt4760028	USA
tt0338627	Netherlands
tt5116280	UK
tt2811802	Argentina
tt6941980	Turkey
tt0135727	Canada
tt4428122	USA
tt1743904	USA
tt0758745	USA
tt5715524	USA
tt1470198	Netherlands
tt3281796	USA
tt6036728	UK
tt1341970	India
tt5447862	Ireland
tt0451574	Argentina
tt0118363	UK
tt6538034	UK
tt7725422	USA
tt0433710	Japan
tt10078462	Serbia
tt7986650	Portugal
tt0985065	Mexico
tt1703874	USA
tt1159598	Brazil
tt1274480	USA
tt10410442	France
tt0401033	Greece
tt4057844	Canada
tt3011234	UK
tt0310412	Sweden|Germany|Denmark|Norway|Finland
tt0307774	Argentina
tt2847124	Japan
tt3848126	UK
tt5764394	Japan
tt1708951	UK
tt4286064	UK|Canada
tt3893044	UK|Poland
tt5487318	Japan
tt1024701	Canada
tt4209256	USA
tt8400320	Canada
tt4092640	Japan
tt4998350	USA
tt5021776	Finland
tt2131851	UK
tt10162920	India
tt0218783	Canada
tt6156584	USA
tt5291200	Turkey
tt2759698	Japan
tt0469239	Canada
tt0279600	USA|Canada
tt0928173	USA
tt2558242	Japan
tt0358883	UK
tt1262810	Argentina
tt9200376	Germany
tt1951552	Brazil
tt0358336	UK
tt3567788	Japan
tt7258180	India
tt0421361	Turkey
tt0941993	UK
tt3211198	South Korea
tt6301288	Turkey
tt0808013	Canada
tt2009776	UK|Germany|Spain|Canada|USA
tt1173666	USA
tt0433493	Denmark|Sweden|Germany|Norway|Finland
tt1727566	Chile
tt0115275	USA
tt0118406	Australia
tt1843678	UK
tt2505072	USA
tt1688606	UK
tt1531804	UK
tt0377186	UK
tt7210448	USA
tt0320022	USA
tt2729716	USA
tt0319930	USA
tt11800404	India
tt1151649	Germany|Austria
tt11324616	Australia
tt0274466	Netherlands
tt2341700	Egypt
tt7712244	USA
tt0448282	Turkey
tt10054118	USA
tt4075386	UK|France
tt1664168	Netherlands
tt3028358	Taiwan
tt6861390	Japan
tt1021038	Brazil
tt6436506	Armenia
tt4689402	Canada|USA
tt1073204	Spain
tt1064899	USA|Mexico|Spain|Malta
tt2220768	UK
tt4950764	Japan
tt1532448	Denmark
tt8011886	India
tt1456793	Japan
tt2871832	Canada
tt1518125	Finland
tt3341548	Italy
tt0478838	Japan
tt7343772	Estonia
tt1600194	USA
tt8080122	USA
tt1166893	UK
tt0386907	Canada|USA
tt6340304	Mexico
tt1361110	UK
tt8319428	USA
tt8649378	Ireland
tt1583930	Argentina
tt1163573	Germany
tt1386958	New Zealand
tt7631146	UK
tt1952642	France
tt6613064	Russia
tt0475192	Japan
tt3495652	UK
tt0312172	USA
tt3233534	USA
tt0463404	Argentina
tt0927944	Germany
tt1475553	Belgium
tt0907702	Sweden|Germany|Denmark|Norway|Finland
tt0356246	Italy
tt3775200	Japan
tt3156330	Australia
tt0185906	USA|UK
tt1067118	Japan
tt5015548	UK
tt0205700	USA
tt0377209	Finland
tt3242776	Italy
tt2191327	India
tt11663742	Sweden
tt1954262	USA
tt3602666	Argentina
tt7407512	Canada
tt0491807	UK
tt0486783	France
tt2431438	USA
tt11454182	USA
tt1140939	UK
tt3734918	Japan
tt5078754	Slovenia
tt11400108	Iran
tt9100878	Sweden|Poland|Denmark|Norway|Iceland|Finland
tt1772721	Japan
tt0863104	Turkey
tt8991224	India
tt8697870	USA
tt9243824	Germany
tt0200276	USA
tt4373882	Ireland
tt2293988	Japan
tt1582456	USA
tt5177586	Japan
tt9663612	Poland
tt0452213	Canada|France
tt0808358	Canada
tt2861610	UK
tt0115320	USA
tt5620962	USA
tt9407764	Australia
tt5245236	Japan
tt1943898	India
tt12024528	Poland
tt10329042	USA
tt6548416	Portugal
tt1086431	Argentina
tt0259140	Japan
tt9900092	USA
tt9121634	Spain
tt0409570	USA
tt0320038	USA
tt1564091	UK
tt5191128	UK
tt1771886	Finland
tt3514324	USA
tt0883913	Japan
tt0899034	UK
tt0805663	USA
tt2722738	Lebanon
tt1170962	Finland
tt8099412	Peru
tt0367345	USA
tt11734980	China|Taiwan
tt4555916	Chile
tt0156442	Canada
tt0285395	USA
tt11367550	Israel
tt1598754	USA
tt3552812	UK
tt1129029	Australia
tt0303418	Mexico
tt0379107	UK
tt0373526	Israel
tt0310511	France
tt1567432	USA
tt4162900	Turkey
tt5691552	USA
tt6028316	USA
tt1287218	UK
tt0209069	USA
tt1592226	USA
tt5136428	USA
tt0401079	Australia
tt11828130	Thailand
tt4896162	Argentina
tt4964074	France
tt7788580	USA
tt4946972	USA
tt7431790	USA
tt1799631	Japan
tt1153059	Spain
tt3721064	Japan
tt0364845	USA
tt5749964	Italy
tt1465055	Denmark
tt5119588	Argentina
tt2063315	Finland
tt0426721	UK|Spain
tt11273352	China
tt2543312	USA
tt5238188	Japan
tt7321906	Finland
tt0456036	Finland
tt7942774	USA
tt1595680	Canada|USA
tt7799206	USA
tt4424852	USA
tt0857297	Japan
tt4024248	USA
tt0302076	Canada
tt4270458	USA
tt0439393	Sweden
tt4216636	USA
tt5308700	USA
tt3856016	Croatia
tt1989062	UK
tt0203259	USA
tt8524580	Germany
tt6768146	UK
tt0439879	USA|Canada
tt1409818	
tt5012346	Canada
tt0815736	Colombia
tt1698158	UK
tt1184902	Germany
tt0224868	Mexico
tt0106042	France
tt0401035	Canada
tt0424649	Turkey
tt0253663	UK
tt7853266	Netherlands
tt1242441	USA
tt4154198	Canada
tt4158110	USA
tt5031774	Philippines
tt6636246	UK
tt2364238	USA
tt4679742	USA
tt1454765	India
tt1542501	Bangladesh
tt1050057	UK|South Africa
tt6916746	USA
tt1706128	Japan
tt8295472	USA
tt0924182	Czech Republic
tt3308240	USA
tt0368479	USA
tt1370332	Japan
tt7244118	France
tt1279122	Venezuela|Dominican Republic
tt6105010	Russia
tt0383153	USA|Canada
tt9172890	Germany
tt0997128	Finland
tt2803758	Chile
tt2277545	Japan
tt0364823	USA
tt2632044	Japan
tt5593496	Belgium
tt0284741	Netherlands|Italy|Germany|USA
tt0412175	USA
tt5568772	USA
tt4597196	Poland
tt0178142	Germany
tt0348238	Venezuela
tt0349039	Finland
tt6806962	Russia
tt5205196	Peru
tt5607976	UK|USA
tt1947083	Colombia
tt4947608	USA
tt6318418	Russia|Ukraine
tt7115656	Turkey
tt1286677	Turkey
tt10846312	Norway
tt0112207	Germany
tt5133998	Turkey
tt3560084	USA
tt1880097	UK
tt2155153	Turkey
tt2477230	USA
tt0312091	USA
tt7298596	Australia
tt1868446	Sweden
tt2259197	Australia
tt0952665	USA
tt1200618	Japan
tt4460878	Australia
tt1054675	UK
tt2249007	USA
tt7998226	India
tt8550800	USA
tt2428924	Finland
tt1517522	Iceland
tt0757108	UK
tt11184878	
tt5419278	Japan
tt8052836	Turkey
tt5936838	UK
tt6001964	Australia
tt3527490	USA
tt0460643	USA
tt1813893	Taiwan
tt0179051	UK
tt0978190	Japan
tt8555892	India
tt6954524	Taiwan
tt0995941	Japan
tt10558512	South Africa
tt0138261	Finland
tt2677314	UK
tt0808096	UK|France|Germany|Ireland
tt6154790	USA
tt0956282	Finland
tt7456390	India
tt0956056	Peru
tt0998810	Poland
tt11486960	Israel
tt9598650	Russia
tt0111964	USA|Australia
tt0461870	Japan
tt1828246	USA|Czech Republic
tt3707700	Turkey
tt0419314	Brazil
tt0238793	UK
tt2582752	Belarus|Russia
tt0066668	Sweden
tt5520392	USA
tt0360282	Spain
tt7252984	India
tt0835962	Germany
tt1578873	USA
tt3089252	USA
tt0435576	USA
tt2324541	Paraguay
tt1581724	UK
tt11775988	India
tt10148028	Portugal
tt2187319	USA
tt7001132	Czech Republic
tt0262985	Canada|USA
tt1842530	USA
tt0305132	Germany
tt1233119	Japan
tt0442732	Canada
tt0412162	USA
tt0278233	Venezuela|USA
tt0969007	UK
tt2647258	USA
tt6729080	UK|USA
tt0759057	France
tt6934964	Australia
tt0460665	USA
tt5686372	China
tt10694348	Croatia
tt1980858	Portugal
tt11149738	Turkey
tt0303524	Japan
tt2243973	USA
tt0439404	Canada
tt3326054	Ukraine
tt0485301	UK|Canada
tt3748808	Japan
tt0452718	USA
tt7558094	USA
tt1706584	Russia
tt9569618	France
tt0877057	Japan
tt1179798	UK
tt2017925	Japan
tt5214558	UK
tt5680224	India
tt10629498	Finland
tt1973692	Denmark
tt9148618	Finland
tt0433721	Spain
tt7929020	USA
tt8633062	USA
tt3951592	Singapore
tt1909015	Bulgaria
tt10065930	USA
tt4718562	Brazil
tt2953816	Mexico
tt0979488	Romania
tt0409594	USA
tt7763024	India
tt5763748	Australia
tt5203758	Canada
tt1459990	Brazil
tt0343258	Mexico
tt4742248	Argentina
tt2323759	Japan
tt1606735	Japan
tt4592682	France
tt7174764	USA
tt6455918	India
tt1591493	USA
tt5605466	Mexico
tt1291440	Norway
tt1127107	USA
tt4303750	China
tt5573374	Germany
tt5290382	USA
tt7759130	
tt0920504	Germany
tt8916868	Russia
tt3513704	USA
tt3425792	Japan
tt7781526	India
tt2294189	UK
tt7358888	India
tt2701582	UK
tt0494187	Canada
tt8396810	India
tt5709604	Japan
tt1260434	Japan
tt4231512	Japan
tt11247326	Tunisia
tt6466540	Poland
tt6916086	Argentina
tt3687802	France
tt4371812	Turkey
tt0115285	USA
tt0410055	Canada
tt6290542	Canada
tt3033772	USA
tt0924167	Germany
tt3568088	UK
tt0830165	Canada
tt6051216	Turkey
tt3381592	USA
tt8661502	India
tt1186962	South Korea
tt1433060	USA
tt1600272	Finland
tt1491857	Japan
tt0106090	Netherlands
tt7211506	Mexico
tt2719784	USA
tt1625130	Spain
tt1782352	UK
tt4239728	Japan
tt5217046	Portugal
tt7915124	Denmark
tt1090020	UK
tt4787028	Turkey
tt0283724	USA|Canada
tt8317568	India
tt1141426	Croatia
tt5527070	Poland
tt0476078	Brazil
tt2486736	USA|Canada
tt1442563	Belgium
tt0876981	Turkey
tt0499280	South Korea
tt1002892	Norway
tt0953932	Turkey
tt1179817	USA
tt6357786	Taiwan
tt0775406	USA|UK
tt4610482	Netherlands
tt1548669	USA
tt0208620	Canada
tt1349938	UK
tt0266165	USA
tt6033780	Armenia
tt0077076	West Germany
tt1731601	UK
tt2191613	USA
tt1220268	Mexico
tt0878797	Turkey
tt1861505	Poland
tt10411158	India
tt7622140	France|French Polynesia
tt10988302	Denmark
tt3671754	Turkey
tt4834206	USA
tt0292833	Argentina
tt1132600	Australia
tt0373474	USA|Canada
tt10388572	Israel
tt5565334	USA
tt3227064	Germany
tt1392882	Israel
tt6426638	USA
tt5625066	USA
tt3895150	Japan
tt3843550	USA
tt0489606	USA
tt6519410	France|Belgium
tt5174766	USA
tt6984832	Morocco
tt5517548	Japan
tt2891574	USA
tt0925266	USA
tt1284603	Japan
tt4163056	USA
tt8792478	Germany
tt1388782	USA
tt0383127	Russia
tt5700562	Germany
tt0887559	Spain
tt5293982	Canada
tt1020516	Germany
tt1137462	USA
tt3674454	Croatia
tt2392298	Estonia
tt0341191	Finland
tt0489974	USA
tt5043906	Chile
tt8277678	USA
tt3783348	USA
tt3743822	USA|Mexico
tt2028939	Uruguay
tt0830376	Mexico
tt0197159	USA
tt0960152	USA
tt3764164	Russia
tt3696720	Canada|USA
tt2964118	UK
tt9742812	Russia
tt1319735	USA
tt0144061	Germany|Austria
tt1508372	Germany
tt7134830	India
tt0202513	USA
tt1525182	UK|USA
tt8787372	Spain
tt2160915	Serbia
tt2928960	Canada
tt10162506	India
tt2649356	USA
tt5617060	Sweden
tt2321542	Japan
tt6088922	USA
tt1949012	Canada|USA
tt8607956	Australia
tt5303668	Turkey
tt0468989	USA
tt7359666	Russia
tt1628951	Denmark
tt5137338	UK
tt4994300	Russia
tt8578458	Turkey
tt10351402	Turkey
tt2188671	USA
tt3923278	Germany
tt5260620	USA
tt6441720	UK
tt6573358	Turkey
tt4505912	Ireland
tt2958722	Mexico
tt6936516	Japan
tt0436992	UK|Canada
tt1592293	Turkey
tt1783916	Turkey
tt11692128	Ukraine
tt1204507	UK
tt1225901	USA
tt0460686	USA
tt7367980	France
tt0450374	UK
tt0401984	Germany
tt1077744	UK
tt0337766	Finland
tt2629076	Japan
tt0295064	Australia
tt2136000	Colombia
tt0209665	Canada|USA
tt1677734	Sweden
tt1075233	UK
tt1343863	Finland
tt0437032	Czech Republic
tt0433704	Netherlands
tt1662979	USA
tt4541858	Argentina
tt1445201	USA
tt2787900	Colombia
tt0806904	Germany
tt2763734	Japan
tt0472027	USA
tt2354851	Iceland
tt0411003	USA
tt9721776	Turkey
tt0835434	USA
tt9139220	UK
tt2805096	USA
tt1882427	USA
tt6771928	USA
tt8212468	India
tt7217374	UK
tt3254428	Italy
tt3911870	India
tt0350411	Australia
tt0318252	Canada|USA
tt2099872	Norway
tt6682754	USA
tt1385817	USA
tt1758772	USA
tt2963556	Japan
tt6474236	USA
tt11033894	India
tt4785472	UK
tt3777110	Japan
tt1315267	Japan
tt5871330	Japan
tt1836037	USA
tt7762954	India
tt0306307	Australia
tt0268090	Finland
tt4983204	USA
tt1671386	Germany
tt0400037	USA
tt2296348	Japan
tt2262383	USA
tt0108757	USA
tt9059760	UK
tt4716164	Australia
tt0994694	Japan
tt2399901	Japan
tt0380849	Colombia|USA
tt1167368	Greece
tt0240291	UK
tt9815726	China
tt3571370	Germany
tt3020086	Japan
tt0875947	Japan|South Korea
tt8819854	China
tt5615700	USA
tt1352414	Japan
tt5615072	Argentina
tt4688048	Turkey
tt6416138	USA|UK
tt4670954	UK
tt4664640	Taiwan
tt3155448	Switzerland
tt7514418	India
tt0955211	Belgium
tt1572863	Canada
tt5545564	USA
tt0289825	Australia
tt0274988	New Zealand|UK
tt6357282	Taiwan
tt7146326	USA
tt0337549	Canada
tt3178536	France
tt4535826	South Korea
tt11581590	
tt1440346	USA
tt4089498	Germany
tt1815182	USA
tt0875948	USA|Canada
tt0175383	Hungary
tt0881779	Finland
tt2261391	USA
tt7572986	Hungary
tt4916574	Canada
tt9278196	France
tt1214004	Belgium
tt5660762	Germany
tt5424556	Germany
tt6258718	Germany|Luxembourg
tt3344708	Ireland
tt5214372	UK
tt0088580	Australia
tt1693592	UK
tt1719840	Italy
tt4338336	Canada
tt2290339	USA
tt1441480	Japan
tt1404147	Spain
tt2756814	Japan
tt1772752	USA
tt6270714	China
tt3376510	UK
tt7913450	USA
tt4971144	USA
tt1657081	USA
tt0327354	UK
tt8875744	Hong Kong
tt0433275	USA
tt1002670	USA
tt3341382	USA
tt2032276	USA
tt0432231	Germany
tt3507484	USA
tt0497152	Mexico
tt5961308	USA
tt0387199	USA
tt6773780	USA
tt7755494	Japan
tt2280066	Mexico
tt6184108	Japan
tt0429364	Netherlands
tt2321022	Argentina
tt1825133	USA
tt10756754	Brazil
tt0806901	East Germany
tt9077530	USA
tt3190722	UK
tt10567738	India
tt0329812	UK
tt8609154	Norway
tt1278016	USA|Canada
tt10305544	India
tt1683523	Australia
tt4211288	Israel
tt3487478	Netherlands
tt3952122	Netherlands
tt1303672	Hungary
tt2184980	USA
tt5516034	South Korea
tt0318904	Australia
tt5900600	UK|USA
tt1991399	Poland
tt7341934	China
tt10625688	Belgium
tt2740064	Japan
tt6730152	
tt8892926	France|Australia|USA
tt4214012	Germany
tt9529618	Turkey
tt5420376	USA
tt1791230	Argentina
tt1205458	UK|Ireland
tt3396228	Brazil
tt0044265	USA
tt0166458	UK
tt1183195	UK
tt0318390	UK|USA
tt5071412	USA
tt0310455	UK
tt7301224	Taiwan
tt6352762	Taiwan
tt0472501	Finland
tt0934814	USA
tt0929753	Japan
tt5433600	Finland
tt0244365	USA
tt0361256	Canada|USA
tt0467742	UK
tt1494829	USA
tt3741924	USA
tt4159076	Canada
tt2022190	USA
tt5547122	India
tt1163560	Japan
tt2356777	USA
tt3012160	USA
tt3362414	South Korea
tt1478501	Ukraine
tt0364839	Sweden|Finland
tt0098911	New Zealand
tt8000638	USA
tt1958961	Norway|USA
tt3498622	UK
tt3592718	Canada|USA
tt1637670	Spain
tt5089936	Spain
tt6617262	USA
tt3443274	USA
tt2935974	USA
tt9100536	Iceland
tt7633550	Belgium
tt6012706	Japan
tt1180523	Turkey
tt0426713	Australia
tt5199304	Japan
tt0285333	USA
tt4146128	USA
tt5780018	Japan
tt0174376	France
tt0959086	USA|Canada
tt1830379	UK
tt1116560	Australia
tt1130144	Japan
tt6231504	Australia
tt6372724	Japan
tt0243732	USA
tt2366915	India
tt1607877	Netherlands
tt5165412	USA
tt11577386	Canada
tt4944694	Spain
tt2575740	Turkey
tt0300848	Netherlands
tt6381304	Finland
tt0294175	UK
tt1495708	USA
tt1820742	USA
tt1586814	Japan
tt4040530	Canada|Japan|Netherlands
tt3919098	USA
tt0108967	UK
tt10934650	Romania
tt3666564	India
tt1463395	Canada
tt2196296	Australia
tt6678852	Mexico|Argentina
tt1332150	UK
tt10831678	Peru
tt7053188	USA
tt5194792	USA
tt7786988	Australia
tt8050628	Australia
tt2212421	USA
tt3538594	Netherlands
tt5704228	China
tt5045462	Russia
tt8909860	USA
tt0988923	Japan
tt0977907	Japan
tt2387761	USA
tt3371556	France
tt4181172	USA
tt4396312	UK
tt0805669	USA
tt0118375	USA
tt6578470	Japan
tt6708260	UK
tt0118379	Canada
tt2480514	UK
tt6118426	UK|USA
tt0439100	USA
tt11014600	Russia
tt6607502	Japan
tt6472710	Japan
tt5847156	Japan
tt1773767	USA
tt5594332	USA
tt1118804	Japan
tt0267201	UK
tt8660874	Australia
tt0301754	Sweden
tt2276587	Japan
tt10459212	USA
tt5678308	Germany
tt0185819	Finland
tt10179334	Canada
tt2473902	Taiwan
tt0802148	USA
tt3746194	USA
tt5816462	USA
tt3645092	Japan
tt2568204	USA
tt0492429	UK|USA
tt1942919	USA
tt0386974	Germany
tt0306413	Belgium
tt1839258	USA
tt2242720	Japan
tt0409572	USA
tt0473416	South Africa
tt7873544	
tt0305117	Japan
tt4930614	Japan
tt6587378	USA
tt9108604	Canada
tt0955250	USA
tt4032214	Russia
tt0380113	Japan
tt0965394	Canada
tt0486657	Canada|USA
tt6921882	Finland|UK
tt1170383	Italy
tt1139652	Spain
tt8324998	Estonia
tt6128254	USA
tt0296875	Canada|USA
tt1001558	USA
tt0874608	UK
tt0137316	Portugal
tt1821125	South Africa
tt8365214	Israel
tt5662640	China
tt1315266	Japan
tt2758546	India
tt9184970	Germany
tt3640276	New Zealand
tt3339966	USA
tt2543328	USA
tt1304873	France
tt0283743	Colombia
tt0302135	Australia
tt7371868	Australia
tt0328786	UK
tt0361238	Germany
tt5890496	Canada
tt8439244	India
tt0407422	UK
tt1608675	Romania
tt1723816	USA
tt0184122	UK
tt10204752	Russia
tt8995604	South Korea
tt0914387	USA
tt3190448	Colombia|USA
tt0406429	USA
tt0257316	UK|USA
tt3300492	USA
tt7691772	Japan
tt4709628	Japan
tt2710552	USA
tt1181541	Canada
tt5932694	Netherlands
tt0213523	Canada
tt7901874	India
tt9271474	Sweden
tt0271914	Australia
tt9656442	
tt5433620	USA
tt8723732	Switzerland
tt0158405	France
tt3175266	India
tt0426694	UK
tt1280164	Denmark
tt6128262	UK
tt1332392	Finland
tt0460384	Japan
tt11944132	Germany
tt4508686	Japan
tt7712606	UK
tt1050492	Japan
tt0296453	Belgium
tt7168766	Japan
tt7076560	Denmark|Sweden|Norway|Finland|Iceland|South Africa
tt0995832	USA|UK
tt4555364	USA
tt0271896	Mexico
tt1784141	Turkey
tt2839522	Russia
tt4333964	Japan
tt7533824	USA
tt5975614	Germany
tt7005636	Norway|Belgium
tt0147760	UK
tt0805887	South Africa
tt5929848	India
tt10940330	India
tt1718987	Argentina
tt1652218	UK
tt1242832	Russia
tt0979432	USA
tt0334877	UK
tt0303116	UK
tt2874692	USA
tt0298672	UK
tt3314218	USA
tt8259142	UK
tt1848220	Turkey
tt0496201	UK
tt0905574	Turkey
tt4971904	Japan
tt3458030	Australia
tt5303436	Turkey
tt0439375	USA
tt1414420	Spain
tt2192156	India
tt7836760	Ukraine
tt10795304	Netherlands|Belgium
tt0962820	Netherlands
tt1863527	India
tt2506366	USA
tt5337806	Germany
tt2552262	Japan
tt2317838	Hungary
tt2661044	USA
tt4218618	USA
tt5834204	USA
tt5598192	Sweden|Germany|Norway
tt2716158	Turkey
tt6954652	USA|Ireland
tt0376419	Chile
tt0441074	Poland
tt2942416	India
tt10150360	Mexico
tt0459730	Turkey
tt10752582	Finland
tt8769772	Netherlands
tt0363221	Germany
tt0362357	UK
tt4320258	Turkey
tt0270807	New Zealand
tt0790820	USA
tt0360259	France
tt2191148	USA
tt4380968	Germany
tt5734140	USA
tt2537956	USA
tt8179226	Turkey
tt0883346	Venezuela
tt1697051	Japan
tt0898239	France|Switzerland
tt1443632	UK|USA
tt7671068	USA
tt7908528	Germany
tt0281445	USA
tt3825748	Denmark
tt1856010	USA
tt5671218	France
tt9637176	Finland
tt2389280	Canada
tt0115083	USA
tt0353045	UK
tt7660850	USA
tt1198374	USA
tt0231044	Norway
tt5973164	UK
tt0460681	USA
tt1415244	USA
tt0778539	Portugal
tt5950436	Canada
tt0357356	Italy
tt1409820	Mexico
tt5363766	USA
tt1702420	Japan
tt1491960	Japan
tt1360587	Japan
tt1978735	Italy
tt9055762	Canada
tt8475274	Finland
tt8126120	France
tt8045690	Mexico
tt11239772	USA
tt0382482	Australia
tt1511543	UK
tt0404581	Japan
tt1428265	Finland
tt0178132	Italy
tt6345486	Turkey
tt0368520	Japan
tt0450937	Spain
tt3636060	UK
tt5695538	Italy
tt9632208	China
tt0310527	Sweden
tt9336906	Australia
tt6005644	India
tt9572814	USA
tt0380869	Canada
tt1065528	Argentina
tt8020738	Turkey
tt1375688	Argentina
tt10161834	India
tt0243714	UK|Belgium
tt6890994	India
tt9427804	Slovakia
tt3346108	Taiwan
tt8772296	USA
tt3585270	UK
tt0056758	USA
tt1195443	USA
tt11911634	Poland
tt1743384	Brazil
tt0274245	Australia
tt3353072	Norway
tt6354744	Taiwan
tt10148174	USA
tt3387202	India
tt2131835	USA
tt7008682	USA
tt1233538	Japan
tt0460084	USA
tt2105419	Finland
tt1284605	Japan
tt7712930	USA
tt1388385	Austria
tt2189461	USA
tt0801425	USA
tt6071664	Pakistan
tt0208617	Germany
tt8417308	USA
tt10476544	Turkey
tt0363378	UK
tt1373025	Finland
tt2097979	Kazakhstan|Turkey
tt3089822	Netherlands
tt6255652	USA
tt10631536	Argentina
tt8832228	India
tt1034818	USA
tt2636800	Colombia
tt4279130	Slovakia
tt2340298	USA
tt2672218	Turkey
tt5875234	USA
tt7781460	India
tt9249118	India
tt3848112	UK
tt5754602	Germany
tt1591511	USA
tt5645568	Mexico
tt3579018	USA
tt3530668	Taiwan
tt7095380	Australia
tt7763100	India
tt4231140	Russia
tt2879552	USA
tt0773264	USA
tt4422048	Belgium
tt0963967	Australia
tt1421511	Turkey
tt2275071	Turkey
tt8252932	Taiwan
tt8101850	USA
tt5268120	Japan
tt3958892	Turkey
tt1361078	Japan
tt0443307	Chile
tt0111887	Netherlands
tt9844334	France
tt0179034	Netherlands
tt0339907	UK
tt7602344	Tunisia
tt3068894	USA
tt0279546	UK
tt1832652	Japan
tt4034506	USA
tt3576794	USA
tt5678266	Colombia
tt2138058	France
tt1019037	USA|Japan
tt6363168	Turkey
tt10189394	India
tt8780096	USA
tt7803798	China
tt0880584	Canada
tt0461872	Canada|USA
tt1540108	Germany
tt2326983	UK
tt0252127	UK
tt0968237	Japan
tt9855962	Netherlands
tt8485654	Ukraine
tt0212675	UK
tt1874838	UK
tt0962740	Japan
tt1395461	Belgium
tt0168596	UK
tt10188826	Russia|Ukraine|China
tt0312103	Italy
tt0486935	USA
tt5124360	USA
tt1966583	USA
tt5299668	UK
tt0144728	UK
tt0896527	Canada
tt2357939	USA
tt1406662	USA
tt1156192	Turkey
tt0287262	Brazil
tt3425854	Russia
tt1610515	USA
tt0464774	China|Taiwan
tt4885060	Canada
tt2343913	Estonia
tt6353368	USA
tt6914148	Canada
tt6021284	UK
tt0108835	France
tt1507145	India
tt3567630	Japan
tt8005176	USA
tt8524130	Denmark
tt7766104	Norway
tt5217118	Japan
tt4067372	Chile
tt5034426	New Zealand
tt9050352	France
tt2138674	UK
tt0348888	Spain
tt1978200	Netherlands
tt5194246	Japan
tt1569539	Chile
tt0260615	UK
tt0781899	Netherlands
tt5645790	Australia
tt4667888	Canada|UK|USA
tt10562676	Germany
tt10477528	Japan
tt2239947	USA
tt6664704	UK
tt2779016	Germany
tt0364801	Brazil
tt10374242	Iran
tt8399134	China
tt0465339	Japan
tt0316969	Brazil
tt0239175	Germany
tt9055008	USA
tt1175392	France
tt0320075	USA
tt4834624	Japan
tt0356239	UK
tt5468138	Netherlands
tt6713140	Japan
tt1918183	Venezuela
tt1284232	Italy
tt5862798	Japan
tt9131050	UK
tt9808212	USA
tt6162588	Turkey
tt2949966	Japan
tt0810596	UK
tt1486317	India
tt3784006	USA
tt2394927	Japan
tt1492966	USA
tt5603140	Sweden
tt7521578	Japan
tt5653724	Japan
tt8001092	UK
tt0885427	France|Italy|Belgium
tt11655466	Canada
tt11583580	Poland
tt2879390	Australia
tt1671264	Netherlands|Belgium
tt8118950	Italy|Germany
tt6950598	Japan
tt5299818	Turkey
tt5989862	Japan
tt0132666	USA
tt0396300	Argentina
tt4940366	Belgium
tt2340841	Japan
tt2398353	Japan
tt1761917	USA
tt11549698	Poland
tt2718646	Japan
tt1652654	UK
tt2310212	UK
tt2261227	USA
tt1288631	France
tt1409991	Netherlands
tt0810637	UK
tt0372091	UK
tt0454658	Turkey
tt0433498	Japan
tt1399045	USA
tt0268845	Norway
tt0303421	Spain
tt3831402	USA
tt3296592	Japan
tt7828056	Israel
tt5309746	South Korea
tt7947414	India
tt2745788	France
tt8386744	India
tt2924462	Belgium
tt7278232	UK
tt10449366	India
tt7363748	Estonia
tt1648680	USA
tt9059594	USA
tt1068899	Mexico
tt4958320	Pakistan
tt2256349	Argentina
tt5579688	Japan
tt6241858	USA
tt0421478	Germany
tt2222049	Belgium
tt2137109	USA
tt1252625	Australia
tt4177366	
tt0285341	USA
tt7399648	Canada
tt9070590	Turkey
tt1325270	Austria|Germany
tt0338608	France
tt1837855	UK
tt0440982	Netherlands
tt0874439	Canada
tt9686194	UK|France|USA
tt3922704	UK
tt1525780	Germany
tt7073222	Taiwan
tt3044682	USA
tt0211157	USA
tt0923330	Japan
tt0451579	Spain
tt2365936	Netherlands
tt3390972	Japan
tt1590961	USA
tt3587846	France
tt1321973	Spain
tt1209135	UK
tt2215797	USA
tt11138216	Turkey
tt6739248	USA
tt2169273	USA
tt5732464	Denmark
tt1978355	UK
tt1504324	Germany
tt1755870	Germany
tt2288064	USA
tt1135300	USA
tt0248654	USA
tt7297150	Brazil
tt0185102	UK
tt7915288	Denmark
tt4474344	USA
tt0939235	UK
tt0482414	UK
tt5200920	Hungary
tt1319690	USA|Canada|UK|Germany
tt10241992	India
tt5315156	France
tt9679102	Ukraine
tt4697080	Japan
tt3649804	Colombia
tt2316015	USA
tt5776564	USA
tt5141800	China
tt0756591	USA
tt1572179	Portugal
tt5336934	USA
tt1602378	USA
tt3007348	USA
tt6643540	Canada
tt1396401	USA
tt0122832	Sweden
tt3489236	USA
tt5615292	Finland
tt2943304	Germany|Austria|Czech Republic
tt10499694	Israel
tt0172057	France
tt2562278	Japan
tt3874528	Japan
tt4745726	Turkey
tt3020464	Finland
tt10230174	India
tt10801324	
tt3506798	France
tt0490712	Israel
tt9011376	Norway
tt0770652	UK
tt5144762	South Korea
tt0259733	UK
tt0404631	Colombia
tt1778108	UK
tt2150751	Japan
tt2491332	UK
tt7356206	USA
tt3778126	Russia
tt4075332	Turkey
tt0481258	Sweden
tt0277471	USA
tt0805664	USA
tt3552272	Russia
tt2693776	USA
tt2393813	USA
tt7887026	Germany
tt7723918	Russia
tt1010363	Switzerland|France|Belgium
tt9125218	Japan
tt0058796	USA
tt1773185	Japan
tt10677432	France
tt0791162	Netherlands
tt5650650	UK
tt0830375	Chile
tt0468631	Estonia
tt3118090	Germany
tt0380845	Portugal
tt1910272	Japan
tt7224504	Turkey
tt3685866	India
tt1264363	Canada|USA
tt2380598	Poland
tt3118934	USA
tt8991526	Ireland
tt9145334	USA
tt3150390	Turkey
tt0472984	UK
tt1724700	Australia
tt2831468	USA
tt6712476	UK
tt2488594	Ireland
tt7095194	Germany
tt2341762	Denmark
tt2703720	Japan
tt4679310	Spain
tt6031896	France
tt4015216	UK
tt9118930	UK
tt0495669	Portugal
tt0479615	France
tt1890936	Netherlands
tt0327321	Denmark|Sweden|Norway|Finland
tt0476122	Netherlands
tt5057130	Italy|UK|France
tt4118584	USA
tt9530716	USA
tt1392709	China
tt0472642	Spain
tt4975178	USA
tt6009150	India
tt3143308	South Korea
tt3837760	Russia
tt0434688	Philippines
tt0374463	USA|Australia
tt9529500	Turkey
tt10956052	India
tt0293738	UK
tt1730535	UK
tt6282466	Japan
tt1332030	USA
tt0112230	USA|New Zealand
tt0756509	Canada|USA
tt0118300	USA
tt2443340	Canada
tt2232345	UK
tt2535202	Norway
tt9117208	Japan
tt1131751	USA
tt1592295	Turkey
tt0149546	Belgium
tt0997023	Sweden
tt0416363	UK
tt3790458	USA
tt1029892	UK
tt9664134	USA
tt5882386	UK
tt4254242	USA
tt0313122	UK
tt10104244	Canada
tt6062722	Netherlands
tt1889878	India
tt0463262	Australia
tt0955346	USA
tt1833285	USA
tt4730812	Japan
tt9224216	Australia
tt0318236	Canada
tt9318602	Sweden
tt1935595	Japan
tt3910804	UK
tt7907966	Argentina
tt1560591	UK
tt1151013	Japan
tt8710432	Serbia
tt5650574	UK|USA
tt4378456	USA
tt7491982	USA
tt1840973	Canada
tt8905948	USA
tt7387596	India
tt0498612	USA|Canada
tt9236688	Germany
tt3143398	UK
tt2371434	Japan
tt0935095	USA
tt1579293	UK
tt2705602	UK
tt3520702	USA
tt5673782	USA
tt7762878	India
tt6531930	India
tt3463360	USA
tt1136740	Greece
tt3875250	Taiwan
tt3873548	Taiwan
tt6362810	Taiwan
tt6193336	Canada
tt4034488	USA
tt2829558	UK
tt1797629	Canada
tt3637900	Brazil
tt2011723	New Zealand
tt7905416	India
tt3994112	Israel
tt1190689	USA
tt0283280	UK
tt0307803	Australia
tt0182648	UK
tt1280822	USA
tt0243183	UK
tt2569058	Italy
tt8681362	Australia
tt7450814	Sri Lanka
tt0426372	UK
tt7608238	UK
tt3328996	UK
tt4145054	USA
tt0283755	Mexico
tt1404654	Japan
tt0167548	USA
tt7731532	India
tt7767422	UK
tt4005920	Japan
tt7157494	UK
tt8561054	Finland
tt3868848	
tt2281375	USA
tt0160277	Canada
tt2088544	UK
tt3714902	Norway
tt1168348	France|Spain|Belgium
tt9546540	Portugal
tt9348970	Switzerland
tt6998328	Japan
tt0314979	USA
tt0989255	South Africa
tt0312198	Brazil
tt1253090	UK
tt4543416	USA
tt1492809	Spain
tt5311566	Ukraine|Russia
tt2647420	UK
tt1225790	UK
tt0484339	Israel
tt2331554	Japan
tt3127020	USA
tt6096030	France
tt1870479	USA
tt1116408	Greece
tt1790954	Sweden
tt0324864	USA|Canada
tt3159736	UK
tt6917064	France
tt0324871	Germany
tt0103520	USA
tt2099034	USA
tt0445870	USA
tt3719582	USA
tt11703376	Singapore
tt3735680	Australia
tt6352636	Japan
tt0996695	Japan
tt0921768	France
tt1250890	UK
tt2255586	Italy
tt10628264	Finland
tt0938567	USA
tt6803712	India
tt6692188	Mexico|USA
tt0408381	UK
tt6258908	Japan
tt7707100	France
tt3198162	Canada
tt3587340	South Africa
tt3889862	India
tt1263713	Germany
tt2396953	France
tt6484980	Nigeria
tt1196946	USA
tt0269157	UK
tt4578474	USA
tt8551028	China
tt5499908	Canada
tt8913956	USA
tt5586332	USA
tt0397772	Australia
tt7938032	India
tt7584200	Mexico
tt1711386	Norway
tt2324587	Croatia
tt0446057	UK
tt2629754	Japan
tt8548830	France
tt0882285	Norway
tt4304864	USA
tt1147691	Turkey
tt0487856	Portugal
tt9373836	Finland|Chile
tt5206012	Canada
tt0461720	UK
tt0315685	Australia
tt0212680	Spain
tt0307773	Japan
tt0395061	Finland
tt0096555	UK
tt0483340	Netherlands
tt0364844	UK
tt5345622	Argentina|Brazil
tt0978140	Japan
tt0982416	Chile
tt2324529	Finland
tt6620616	Netherlands
tt1883092	Germany
tt1686718	Venezuela
tt1120959	Japan
tt0907683	Sweden
tt0437714	USA|Germany
tt1837654	USA|Canada
tt1493357	India
tt0290995	Turkey
tt2697872	Japan
tt4365472	Japan
tt10295468	India
tt7680918	France
tt7949204	USA
tt1655076	Netherlands
tt0303461	USA
tt3196310	Japan
tt4265628	USA
tt4689598	Colombia
tt1798701	USA
tt3843544	Japan
tt4368698	Germany
tt8694246	Turkey
tt1586680	USA
tt4760622	Japan
tt0985492	Japan
tt3456506	Turkey
tt2634230	UK
tt3429354	UK
tt11631778	Tunisia
tt7943036	France
tt0454024	Belgium
tt4662064	India
tt0124938	Spain
tt0498330	UK
tt2050064	Turkey
tt11516598	Poland
tt1368433	Iceland
tt9525880	Turkey
tt6053512	USA
tt4248662	Japan
tt5210998	USA
tt3502470	UK
tt5705956	UK|USA
tt0764964	Germany
tt12004278	Israel
tt6046050	Canada
tt0329934	Canada|USA
tt1618457	UK
tt1509717	Sweden
tt9060276	Turkey
tt5159916	UK
tt0328738	Japan
tt5664952	USA|UK
tt3795494	Japan
tt2657262	USA
tt3205802	USA
tt8463714	UK
tt0495055	Italy|France|Germany|Russia|Poland
tt0306366	Ireland
tt5971586	USA
tt5769500	Japan
tt0997016	Australia
tt4134802	
tt3729898	USA
tt4878488	Australia
tt0385372	Italy
tt6658720	UK
tt7012618	Germany
tt6362818	Taiwan
tt8844798	France
tt1883877	Taiwan
tt9138980	Canada
tt2569488	Belgium
tt4789576	USA
tt6283998	Taiwan
tt1008628	Germany
tt2349912	Japan
tt3487410	USA
tt0210405	USA
tt0329476	USA
tt0401019	UK
tt9295470	UK
tt1587669	USA
tt9040760	Poland
tt0443714	Sweden
tt4792480	Belgium
tt7379872	USA
tt7225168	Peru
tt6315640	USA
tt7661932	Turkey
tt4694268	USA
tt9472282	Denmark|France
tt4512422	Japan
tt3176254	Ireland
tt1175172	Japan
tt4687892	USA
tt5368542	USA
tt2078690	USA
tt1456073	USA
tt1235099	USA
tt0437043	USA
tt5342548	USA
tt0115105	UK
tt0361370	UK
tt6369478	Turkey
tt7762818	India
tt1829891	Canada|UK
tt3342716	Japan
tt8079372	Brazil
tt0247097	USA
tt3426342	India
tt1392307	Sweden
tt8507402	Taiwan
tt0207932	West Germany
tt0274246	UK
tt0892701	Sweden|Norway|Finland
tt2912708	Poland
tt0466413	Japan
tt0348894	USA
tt0379685	Belgium
tt0845746	Canada
tt1586676	USA
tt2151266	Philippines
tt3038732	USA
tt0388595	USA|Netherlands
tt5214254	Japan
tt4352342	Austria
tt3413236	Canada|USA
tt0242241	Canada
tt0450377	Italy
tt4577466	USA
tt3398228	USA
tt3456290	Sweden|Denmark|Norway|Finland
tt10305356	India
tt6242010	Czech Republic
tt1310557	Japan
tt0487848	Portugal
tt0353104	UK
tt0400992	Venezuela
tt9768634	Latvia
tt0459702	Spain
tt0960136	USA
tt5641676	USA
tt0475047	UK
tt3428884	Netherlands
tt2848978	Venezuela
tt0824775	USA
tt2006421	Spain
tt4077072	USA
tt1273138	Hungary
tt7585600	Netherlands
tt9415990	Denmark
tt11836470	Singapore
tt0845754	Netherlands
tt0215423	Australia
tt0364814	Canada
tt6664638	Australia
tt0112004	UK
tt9893174	Australia
tt0303448	Hungary
tt1356380	UK|USA|South Africa|Botswana
tt0921874	USA
tt2636546	Japan
tt3106208	Finland
tt1508998	Croatia
tt0805414	Germany
tt1502749	UK
tt5798814	India
tt0375446	South Africa
tt1530519	Sweden
tt0187647	UK
tt2403201	Pakistan
tt0118480	USA|Canada
tt2888334	USA
tt1383294	Norway
tt0366046	Brazil
tt5273260	USA
tt5508680	Colombia
tt0377277	Finland
tt2351868	UK
tt2711738	UK|France
tt0805408	Norway
tt8272882	Japan
tt0429367	UK
tt1772673	Australia
tt0181214	Portugal
tt5785770	USA
tt3591302	USA
tt5988466	Turkey
tt6110318	USA
tt3598496	USA
tt1420425	USA
tt0483603	UK
tt0773991	UK
tt0444953	Japan
tt0816399	Canada
tt0891414	Germany
tt0385421	Netherlands
tt0312081	USA
tt1884755	USA
tt0810788	USA
tt3220846	Croatia
tt3884426	USA
tt1652216	UK
tt0491601	Canada
tt5531470	USA
tt11986794	USA
tt8852990	UK
tt0386977	Australia
tt1636699	Pakistan
tt11732760	Ukraine|Latvia
tt0303488	Japan
tt6515426	Australia
tt7654874	UK
tt0066684	USA
tt0159206	USA
tt1103968	USA
tt0903747	USA
tt6003538	Japan
tt2191671	USA
tt0278212	India
tt2183404	USA
tt9060306	Turkey
tt5179408	USA|Canada
tt4864008	USA
tt9897850	USA
tt1565773	Italy
tt9752814	India
tt2394340	UK
tt10312964	USA
tt0112022	USA
tt0780362	UK|USA
tt8303474	USA
tt0853076	Germany
tt4800878	UK
tt3139330	Sweden|Finland
tt9014136	USA
tt1860179	USA
tt1618371	UK|Italy|Germany
tt0874936	USA
tt3745678	USA
tt0193676	USA
tt1882962	Ireland
tt4529386	USA
tt2821430	Italy|France|Spain|Lithuania
tt0986318	Netherlands
tt4178858	Japan
tt4643140	Japan
tt4269458	Taiwan
tt3985228	
tt1492152	Canada|USA
tt1382367	USA
tt3615832	Australia
tt1800493	UK
tt1114706	Canada
tt4319464	USA
tt10631762	Finland
tt0475036	Australia
tt0972412	USA
tt6135766	USA
tt6410134	Sweden
tt6220986	Australia
tt10689840	Turkey
tt2366724	USA
tt4892646	Israel
tt11732234	India
tt1190810	Norway
tt5193662	UK
tt4622118	Canada
tt0494184	Denmark
tt1697033	Canada|USA
tt4950286	Canada
tt0319969	USA
tt2154793	Turkey
tt7323768	Malaysia
tt3511148	USA
tt3864896	UK|USA
tt3342990	Sweden
tt7107142	Turkey
tt10199718	Russia
tt5488778	Canada
tt2654620	USA
tt2011519	Japan
tt0435995	UK
tt4241016	Japan
tt2064681	Argentina
tt9795982	Brazil
tt4536308	India
tt1323986	India
tt5016504	
tt4424628	Poland
tt3921828	USA
tt1859567	UK
tt0387736	USA|Australia
tt0460676	USA
tt5338550	Colombia
tt2661776	Japan
tt6556958	Thailand
tt2262532	USA
tt6221326	Japan
tt6932244	USA
tt0346847	UK
tt4025456	Netherlands
tt6157668	Puerto Rico
tt7251490	USA
tt0294014	New Zealand
tt0411004	USA
tt3358262	Italy
tt1790233	Spain
tt0884294	USA
tt0496343	USA
tt3543084	Germany|France|Canada|Austria|Netherlands|UK
tt1203269	Japan
tt3655448	Italy|France|Spain|UK|USA
tt5178678	Canada
tt1298825	Denmark
tt1364721	Japan
tt8602408	Canada
tt1366312	UK
tt0182587	Canada|USA
tt7657948	Canada
tt0420410	Argentina
tt1059475	Canada
tt4011192	Japan
tt1062454	USA
tt1532675	Hungary
tt0801427	USA
tt2340511	Japan
tt0923287	Japan
tt0759482	USA
tt1714204	USA
tt6361278	Netherlands|Belgium
tt7151584	India
tt0275140	USA
tt6710056	Turkey
tt4387170	USA
tt0118437	USA
tt0815057	UK
tt3547988	Japan
tt0428138	Canada
tt4198192	Chile
tt0960471	USA
tt1926955	UK
tt7678910	Mauritius|South Africa
tt6420462	Australia
tt0244358	Mexico
tt2124566	Norway
tt1508126	Japan
tt6082618	Canada
tt4063800	France
tt8137542	Russia
tt0873992	Japan
tt5545832	South Korea
tt6212754	Canada
tt6084582	India
tt8360352	Italy
tt0458253	USA
tt1062325	UK
tt6303080	France
tt3831864	Russia
tt0371495	USA
tt4532368	USA
tt3138900	UK
tt5583512	Canada
tt10925930	Australia
tt9437032	China
tt0112133	UK
tt0463824	Germany
tt1736341	France|Germany|Italy|Czech Republic
tt2269387	Japan
tt0434706	Japan
tt4084590	Japan
tt4450826	USA
tt9490144	Poland
tt2365173	Japan
tt0439344	Spain
tt0312097	Germany
tt1265548	USA
tt0451556	Mexico
tt1077065	Spain
tt8080322	USA
tt1965629	USA
tt0756573	USA
tt0423713	France
tt8311576	Canada
tt5650058	Lebanon
tt2085061	USA
tt0493490	Turkey
tt3098842	UK
tt5788792	USA
tt3241218	Taiwan
tt5902204	Canada
tt8398968	USA
tt10588740	Finland|UK
tt4156508	Sweden
tt3920596	USA
tt2130340	Japan
tt0830900	USA
tt5345490	USA
tt4421578	USA
tt2563158	UK
tt5094680	Sweden
tt1410265	Germany
tt1362673	USA
tt0386950	Canada
tt9114372	Turkey
tt0260596	USA
tt2069449	UK
tt1218572	Australia
tt6164342	Turkey
tt6289504	Taiwan
tt4474310	USA
tt2331972	New Zealand
tt0772560	USA
tt6659912	Japan
tt2538812	Japan
tt2342080	USA
tt0460624	USA
tt5008688	Switzerland
tt0902496	Israel
tt0172014	France|Belgium|Switzerland
tt6464458	UK
tt4729034	Egypt
tt6077448	India|USA
tt6777286	Austria|Czech Republic|Slovakia|Hungary
tt8081308	South Africa
tt0441833	Nicaragua
tt2735642	Japan
tt3530726	USA
tt1186607	Croatia
tt1494058	India
tt5835180	Canada
tt10888868	India
tt7108636	USA
tt2262456	UK
tt0410997	USA
tt5868220	Croatia
tt0327759	Venezuela|USA
tt0418396	Italy
tt4195264	Turkey
tt6268062	France
tt2055253	Argentina
tt2628232	Ireland|UK|USA
tt5830254	Germany|Czech Republic
tt9179616	UK|Austria
tt8021824	UK
tt1461962	Germany
tt1820941	Japan
tt10421596	USA
tt1819654	USA
tt2647586	USA
tt7843852	China
tt8130900	Australia
tt2885766	Philippines
tt3006500	Canada
tt11542758	Norway
tt0320028	USA
tt0368730	USA|Germany
tt7493974	UK
tt6289576	Taiwan
tt3499954	Italy|Spain
tt1666997	USA
tt5495778	India
tt2215842	UK
tt3313722	Belgium
tt7031398	Japan
tt5116200	USA
tt4190424	Netherlands
tt6467294	USA
tt1111843	Greece
tt1171658	Turkey
tt3213392	Slovenia
tt1570512	Spain
tt0936453	UK|USA
tt1898069	USA
tt5644720	Japan
tt7826108	USA
tt9111512	
tt9610556	Italy
tt3768572	USA
tt2025899	Denmark|Sweden|Germany|Norway
tt9307686	Japan
tt1622747	South Korea
tt5972578	Jordan|USA
tt0242406	UK
tt1272883	UK|Germany
tt0273366	USA
tt7147670	India
tt2585194	UK
tt2421324	UK
tt3737396	Lebanon
tt0177991	USA
tt1414707	USA
tt2496234	USA
tt7431968	Turkey
tt9555104	Ireland
tt2708480	USA
tt1382577	USA
tt8071646	India
tt9046782	Mexico
tt2951788	UK
tt9863788	Mexico
tt3556920	UK
tt2064628	Singapore
tt0807682	Ireland
tt6289538	Taiwan
tt0289830	USA
tt1411816	Japan
tt4075230	Turkey
tt0487189	UK
tt0118401	UK
tt9244530	Germany
tt10999914	USA
tt2787764	Italy
tt8325314	India
tt3230854	Canada|USA
tt3556944	USA
tt5277034	Japan
tt6591406	Japan
tt0844653	USA|New Zealand
tt2276512	USA
tt3465830	Japan
tt1523389	Italy
tt0920489	Italy
tt2084712	USA
tt1068433	Japan
tt10505002	Sweden
tt2278459	Japan
tt4162412	Colombia
tt5768570	Japan
tt0434712	Japan
tt7529770	USA
tt9337636	Tunisia
tt5617526	South Korea
tt6273116	Taiwan
tt7944276	Turkey
tt0421374	UK
tt10010920	India
tt1271995	Poland|Italy
tt9207222	Israel
tt1578258	USA
tt4699888	Italy
tt4662890	Netherlands|Belgium
tt3254016	Italy
tt7944176	Turkey
tt4116438	USA
tt3834000	UK|France
tt1915497	France
tt8594510	UK
tt0355987	USA
tt1727387	USA
tt0245022	USA
tt0439383	France
tt8496508	Australia
tt4322334	France
tt1666817	Japan
tt7686464	UK|USA
tt0798692	New Zealand
tt4200646	Japan
tt2008890	USA
tt6987476	Canada
tt0433722	Japan
tt1534994	Canada
tt10371052	Sweden
tt4649420	Australia|New Zealand|USA
tt4981954	Lithuania
tt3208182	Israel
tt0377253	UK
tt2791276	India
tt2377472	USA
tt0413579	UK
tt0837017	Ireland|UK
tt4999820	France
tt5205252	Peru
tt5749974	Netherlands
tt10340822	India
tt3141278	Germany
tt1436100	Belgium
tt2632424	USA
tt1118543	Japan
tt9350920	France
tt4660956	Brazil
tt5987956	Japan
tt0460669	USA
tt0123816	Germany|Canada|USA
tt0437019	UK
tt0928097	Mexico
tt10305480	India
tt8893498	Taiwan
tt2288301	Japan
tt1442065	Canada
tt6461812	USA
tt0211160	Sweden
tt0481452	Australia|USA
tt0389617	Australia
tt0446862	Italy
tt0350422	Russia
tt9174612	France|Canada
tt1245689	Italy
tt10196170	India
tt1177054	Germany|Austria
tt2215399	USA
tt0138959	Canada
tt1554369	USA
tt0287871	USA|Netherlands|Japan|France
tt1103973	USA
tt0281463	Argentina
tt0840094	UK
tt5219042	USA
tt1205456	UK|Ireland
tt4148454	Argentina
tt0455278	Turkey
tt0283203	Canada|USA
tt0083392	UK
tt8216084	Finland
tt3785848	UK
tt1213905	France|Israel
tt3164512	Japan
tt2252796	Austria
tt0106179	Canada|USA
tt6517320	USA
tt1444298	Venezuela
tt9140804	China
tt0383145	Canada
tt11036528	UK
tt2734804	USA
tt5969432	Brazil
tt7834636	Taiwan
tt0883912	Romania
tt0346235	Spain
tt5333406	Colombia
tt0389664	UK
tt0264246	UK
tt0197182	USA
tt1574452	UK
tt2091114	Japan
tt0353043	Norway
tt1068496	Portugal|Argentina
tt2368645	USA
tt8571906	UK
tt4768420	Turkey
tt10266426	India
tt5685416	UK
tt1591468	USA
tt2654580	USA
tt4333474	France
tt4937942	Finland|France
tt10888800	UK
tt4945312	Israel
tt1933549	Montenegro|Serbia
tt1836195	USA
tt6321326	UK
tt7048386	Argentina
tt3487382	USA
tt6614880	USA
tt5831426	Canada
tt1605467	UK
tt3149026	Japan
tt4146820	Japan
tt3643908	USA
tt0383130	UK
tt0813495	Canada
tt0207933	Canada
tt1013119	Canada|China
tt4428038	USA
tt5249430	India
tt1328916	India
tt2873568	South Africa
tt2504274	India
tt8941984	USA
tt5574490	USA
tt1199099	UK
tt2526328	Denmark
tt5320160	Canada
tt0188365	Netherlands
tt2575968	UK
tt0094525	UK
tt1310551	Japan
tt9076154	Germany
tt9083140	Canada
tt1144841	Japan
tt6027456	Netherlands
tt1747438	USA
tt2796270	Portugal|Brazil
tt4568172	Argentina
tt0207889	USA
tt1950830	Japan
tt0465326	UK|USA
tt1534360	Turkey
tt4764708	Russia
tt0252757	UK
tt5954296	Canada
tt0878801	USA
tt3389238	Japan
tt9280016	Denmark
tt2280344	Czech Republic
tt6461824	USA
tt8685324	UK
tt0426367	UK
tt0106097	UK
tt7674408	Netherlands
tt0770620	UK
tt8425532	USA
tt8746478	USA
tt0859592	USA
tt8230598	India
tt5152426	Turkey
tt6863766	USA
tt2258787	Israel
tt0285403	USA
tt0264316	Japan
tt0856348	Japan
tt2363848	South Korea
tt0800286	Ireland
tt0409625	Japan
tt2367533	Netherlands
tt2568724	Brazil
tt11443540	Argentina
tt1169197	Germany
tt1135911	Portugal
tt0955353	USA
tt2914544	Japan
tt2295578	USA
tt2825526	USA
tt2083726	Argentina
tt0355083	Venezuela
tt5534300	UK
tt0422744	UK|USA
tt8809646	India
tt9168160	India
tt7222556	USA
tt0403759	USA
tt6127014	Japan
tt0889254	France
tt0213327	Canada|USA
tt8740790	USA
tt8851658	India
tt10312776	USA
tt8147076	UK
tt6770148	Iceland
tt0470642	USA
tt0364902	USA
tt8281412	USA
tt0098882	UK
tt1371903	USA
tt4003966	France
tt0288960	Japan
tt11013606	Canada
tt3398364	Japan
tt0287839	Germany|USA
tt9600798	Russia
tt1429449	Canada
tt1343217	Finland
tt8068860	USA
tt4258440	UK
tt6164872	Spain|Cuba
tt8620634	India
tt7375404	USA
tt8826128	USA
tt4471496	Australia
tt7290228	Germany
tt7569592	USA
tt4220736	UK
tt0385462	Poland
tt11097716	Denmark
tt2586396	Mexico
tt7278862	Italy|USA
tt1691232	Netherlands
tt1796960	USA
tt3776084	Turkey
tt10360586	Netherlands
tt0326669	USA
tt6078096	USA
tt5336698	UK
tt4917828	Mexico
tt7947618	Turkey
tt0462139	USA
tt4968540	Japan
tt0244364	USA
tt5571524	UK
tt0372063	UK
tt4716230	Canada
tt4835476	Argentina
tt0412148	USA
tt2714868	Sweden
tt0434736	Turkey
tt4574334	USA
tt6547104	USA
tt0496275	USA
tt2946764	Brazil
tt0460638	USA
tt0208629	Canada|USA
tt2963254	USA
tt0408374	USA
tt1832045	USA
tt4346362	France|Australia|Germany
tt0332960	Denmark|Norway
tt10209930	Pakistan
tt4680240	Mexico
tt11381236	Norway
tt5538142	Netherlands
tt5011024	Sweden
tt0435937	UK
tt1039436	Norway
tt0382484	Argentina
tt0429046	France|Italy
tt5038858	Iceland
tt2751064	USA
tt8174330	Poland
tt1632701	USA
tt8765292	Switzerland|Belgium
tt7076630	UK|USA
tt3418430	Turkey
tt6881870	Canada
tt5615096	Japan
tt1505281	Denmark
tt0295071	UK
tt3886152	Croatia
tt0426830	Turkey
tt0249313	USA
tt7534350	Netherlands
tt10319992	Turkey
tt1213888	Serbia
tt9055250	Australia|UK
tt0465332	UK
tt9426440	India
tt6175594	Turkey
tt3230454	USA
tt3550730	India
tt1553656	USA
tt1967685	UK
tt5131568	UK
tt6563112	UK
tt0088554	West Germany
tt5722190	USA
tt1161697	Japan
tt2445702	Portugal
tt8845240	New Zealand
tt4380324	New Zealand|Australia
tt7335184	USA
tt3341732	Italy
tt8569130	India
tt0275835	Norway
tt0310525	Sweden
tt1215482	Canada|Germany
tt1568202	UK
tt7592742	USA
tt1000779	Greece
tt0423685	Australia
tt0303496	UK
tt1445545	Mexico
tt6313900	USA
tt7978240	Sri Lanka
tt6734482	UK
tt6059460	UK
tt6632666	USA|Canada
tt0801426	USA
tt0251523	Germany
tt3560094	USA
tt0348966	USA
tt2805574	USA
tt2390624	UK
tt0235139	Belgium
tt9758080	France
tt0391681	Portugal
tt0826760	Denmark|Norway|Sweden|Germany
tt1258095	Argentina
tt6756704	Turkey
tt5674872	Ireland
tt6263222	South Korea
tt4575608	Brazil
tt0976014	USA
tt10314462	USA
tt0356299	Colombia|USA
tt1524337	Mexico
tt1402376	USA
tt6374028	Germany
tt1178522	UK|USA
tt0201391	USA
tt3214310	Canada
tt0338607	Denmark
tt3107288	USA
tt0355119	Colombia
tt2758950	USA|Canada
tt0864944	UK
tt2509222	Turkey
tt10293938	USA
tt3186138	USA
tt8333480	Canada
tt11200384	Taiwan
tt1650940	UK
tt11007226	Netherlands
tt1623574	Israel
tt6346446	Brazil
tt0862601	Ireland
tt3221274	Japan
tt0383087	Ireland
tt0204993	USA
tt6812092	Germany
tt0329824	USA
tt5866284	UK
tt7787446	Bulgaria
tt0983972	Japan
tt9169658	USA
tt8894398	Japan
tt1897843	Portugal
tt0273334	UK|Canada
tt9134194	USA
tt5584648	Czech Republic
tt3042526	Portugal
tt4973548	USA
tt9054904	USA
tt1094229	Canada
tt9261290	Australia
tt0364828	USA
tt5916838	USA
tt2103085	UK|Australia|New Zealand|USA
tt7550698	USA
tt4580008	Poland
tt4671682	Canada|USA
tt1542498	Russia
tt2336707	Italy
tt1322240	USA
tt0329814	UK|Australia
tt5861514	Timor-Leste
tt5518944	Netherlands
tt0115397	Canada
tt5180734	Denmark
tt3924238	Canada
tt0444954	Canada
tt2309405	Sweden|Finland|UK|Norway
tt5678876	Canada
tt5482930	Ireland
tt3995480	France
tt5651032	Denmark
tt4898736	Japan
tt6660456	Australia
tt8779792	
tt0337898	Russia
tt2660734	USA
tt1620950	USA
tt4674836	India
tt0062595	USA
tt0341158	Finland
tt1065309	UK|USA
tt10628202	Finland
tt0271295	UK
tt7849864	USA
tt5426174	Japan
tt0285331	USA
tt4598136	France
tt8902404	USA
tt1926763	Russia
tt5940506	Germany
tt6294706	USA
tt5818510	USA
tt8495320	Taiwan
tt2649756	Japan
tt9471404	
tt4955642	USA
tt0264262	USA
tt1369623	USA
tt8002016	India
tt5371704	Pakistan
tt1724525	Finland
tt2303170	France
tt5686194	Australia
tt10461440	India
tt4205412	Jordan
tt3355496	USA
tt4110246	Russia|Portugal|Ukraine
tt0846758	Israel
tt10073114	Taiwan
tt0128889	USA
tt5564504	Russia
tt0797963	Germany
tt1013851	Netherlands
tt0169458	France
tt5512844	Brazil
tt2538744	Poland
tt7301536	Taiwan
tt10850402	Turkey
tt6516076	South Korea
tt0367344	Canada|USA
tt0240886	France
tt5510464	USA
tt4857638	Finland
tt5240994	UK
tt1826805	USA
tt1712435	Chile
tt0292414	Australia
tt5154068	Norway
tt6474174	USA
tt1325886	Australia
tt0088621	UK
tt2341375	Japan
tt0084987	UK
tt3015094	Canada
tt8136686	USA
tt2249364	UK
tt3298028	Chile
tt1651063	UK
tt4571004	France
tt8912384	USA
tt6297682	USA
tt5194866	UK
tt0167720	USA
tt1615237	Germany
tt6712390	UK
tt6350310	UK
tt10136678	Australia
tt0231015	Argentina
tt0904208	USA
tt2176165	Japan
tt6805396	India
tt1299368	USA
tt4428022	USA
tt5482406	Australia
tt6560040	France
tt0224884	Canada
tt0495921	Mexico
tt5324938	Hungary
tt2475848	China
tt5170828	Norway
tt1990040	Czech Republic
tt4858488	UK
tt7703982	Jordan
tt6425788	UK
tt3588046	Japan
tt4146660	Russia
tt0092389	West Germany|Austria
tt6108526	USA
tt1120954	Japan
tt9252156	Canada
tt2544148	Turkey
tt1535505	Denmark
tt1361407	Japan
tt0241105	Spain
tt2126154	UK
tt1167345	USA
tt6592882	Japan
tt1134722	Chile
tt3713152	France
tt5207562	Ukraine
tt1442109	USA|Canada
tt0396291	UK
tt0344619	Spain
tt0772137	USA
tt0346293	Canada|USA
tt1303671	Greece
tt0426696	Turkey
tt10162328	India
tt1249246	Portugal
tt2400631	USA
tt7371666	Poland|USA
tt9742524	Finland
tt0296324	Japan
tt1988386	Australia
tt2374744	Canada
tt2239964	Turkey
tt5492186	India
tt0896576	Israel
tt3142874	Turkey
tt5197820	USA
tt2304453	UK
tt5930642	Canada
tt0875946	Finland
tt1258215	Japan
tt6213270	Russia
tt6269080	
tt8478874	Finland
tt11905590	Poland
tt2345481	USA
tt0892518	France
tt0318883	USA
tt3658364	Germany|Czech Republic
tt0819747	New Zealand
tt5214252	Japan
tt0435978	Russia
tt7993396	India
tt7134768	Australia
tt0167644	France|Belgium|Switzerland|Czechoslovakia
tt2175936	Australia
tt3681610	Switzerland|Austria|Germany|Belgium|Denmark
tt6487482	USA
tt4820370	USA
tt4283994	Netherlands
tt0491603	Australia
tt10339784	India
tt0857298	Japan
tt6509578	Philippines
tt0465689	Sweden
tt8117222	Poland
tt6470478	USA
tt0409597	Belgium
tt3457208	Netherlands
tt1087880	Australia
tt1671143	Hungary
tt8098956	UK
tt1888075	UK|France|USA
tt2433738	Australia
tt0134247	USA
tt0108810	Germany
tt2622720	USA
tt5471744	Japan
tt1315221	Japan
tt7372548	Netherlands
tt0417349	UK
tt2926920	Germany
tt10207090	USA
tt0424596	Turkey
tt8201434	UK
tt0229924	Finland
tt4386224	France
tt3069212	UK
tt6607810	Mexico
tt1169193	Japan
tt0285370	USA
tt1956017	UK
tt5015752	UK
tt4817756	India
tt4082320	Canada
tt1912588	Spain
tt1165127	Japan
tt1703925	USA
tt7574076	USA
tt1334298	Japan
tt0434700	Spain
tt4597870	USA
tt5282372	Colombia
tt6357816	Taiwan
tt0365969	USA
tt0940902	Germany
tt1144791	Russia
tt1438539	Netherlands
tt4463748	Sweden
tt0851851	USA
tt0312142	Germany|UK
tt5780556	Japan
tt0988820	UK
tt3777088	Japan
tt0924189	Turkey
tt0757127	UK
tt9465476	China
tt1107270	Spain
tt8563654	Finland
tt3553312	New Zealand
tt5396572	USA
tt5830364	UK
tt0326459	USA
tt0953931	Turkey
tt0445069	Chile
tt10545462	Sweden
tt0289828	USA
tt5239494	UK|USA|France
tt2132641	USA
tt8870740	India
tt0438719	Canada
tt1434482	Belgium
tt5011816	USA
tt2668246	USA
tt10674732	Finland
tt7551216	UK|China|Hong Kong|Macao|Taiwan
tt4080186	Russia
tt8024604	India
tt0454653	Japan|South Korea
tt1638319	UK|USA
tt1119479	Canada
tt6352848	Taiwan
tt8328474	Norway
tt7528122	Denmark
tt1129398	Sweden
tt5372890	Sweden
tt1462059	USA|Canada
tt1628035	USA
tt11822582	India
tt1161657	Japan
tt1122770	USA
tt10934720	China
tt9100986	Sweden
tt0115088	Germany
tt6396252	Turkey
tt6735466	Japan
tt8598236	Canada
tt2976664	Japan
tt4229954	USA
tt6461346	South Korea
tt0364888	USA
tt5396940	Finland
tt0390679	Argentina
tt3573466	Japan
tt1210781	USA
tt1674553	Netherlands
tt5009612	USA
tt1221185	Serbia
tt0118298	USA
tt0369169	USA
tt10796254	USA
tt1058915	UK
tt3502172	USA
tt1365144	Mexico
tt6483304	Israel
tt0892861	Japan
tt5618730	South Korea
tt2624370	USA
tt7414204	Republic of North Macedonia
tt0481035	Japan
tt0468427	USA
tt8101768	USA
tt0245602	Russia
tt0220910	Germany|Austria
tt0211852	Mexico
tt4298978	Taiwan
tt2407574	UK
tt0053494	UK
tt3242480	Israel
tt0260611	UK
tt6926354	Japan
tt2186101	UK
tt2788432	USA
tt1127205	UK
tt7112240	Japan
tt0392150	Germany
tt1615929	Brazil
tt0978547	Japan
tt0144050	Germany
tt8610350	Australia
tt8422802	Sweden
tt10189448	India
tt1839683	USA
tt2436444	USA
tt3921180	USA
tt7186588	USA
tt4457878	Russia
tt0374959	Chile
tt0173532	Canada
tt8319644	USA
tt1827042	Belgium
tt1220111	UK
tt4568238	Argentina
tt2288243	India
tt1634097	Spain
tt2034873	Japan
tt8937308	USA
tt5165824	Turkey
tt4610916	Bulgaria
tt0168350	Canada
tt9196352	Israel
tt9191068	Mexico
tt6353166	Brazil
tt0454753	USA
tt1556402	Brazil
tt6497076	Japan
tt0934339	Germany
tt0796897	USA|Venezuela
tt1779569	Germany
tt0233491	USA
tt3152174	USA
tt0272376	USA
tt0065272	USA
tt1582458	USA
tt0887241	UK
tt2392261	USA
tt5914836	
tt7221388	USA
tt8610212	Australia
tt0210438	USA
tt1601047	India
tt1542543	Canada|USA
tt6273098	Australia
tt4428744	Sweden
tt0489894	Portugal
tt1520605	USA
tt4836846	Sweden|France
tt0364797	UK
tt0381798	USA
tt1252367	USA
tt1304839	Finland
tt8539822	USA
tt0379609	Belgium
tt0443390	UK
tt0149534	Belgium
tt1740299	USA|UK|Canada
tt1397484	Portugal
tt4370528	UK
tt11681218	Denmark
tt4304782	Azerbaijan
tt3312378	Canada
tt0778536	UK
tt4206804	UK
tt2577192	UK|USA
tt2171665	Argentina
tt1118697	USA
tt0896667	Germany
tt9140858	Sweden
tt8633432	India
tt5114356	USA
tt0118421	USA
tt0355112	Venezuela
tt1238366	Colombia
tt5722298	Canada
tt3186162	USA
tt6983520	Japan
tt0401947	Venezuela
tt0163924	Australia
tt11006620	Greece
tt5201608	Ecuador
tt1046683	Czech Republic
tt2122080	Australia
tt1020196	Colombia
tt6083634	USA
tt5212822	USA
tt5810626	UK
tt2968404	USA
tt1600053	USA
tt1118529	Japan
tt4526888	Estonia
tt0989272	Turkey
tt1033976	Mexico
tt1553397	Portugal
tt3087752	USA|France|Canada
tt1358522	USA
tt3166760	Russia
tt7138728	UK
tt0286486	USA
tt0247091	USA
tt5224832	Japan
tt2399794	USA
tt7172256	Turkey
tt7895530	Ukraine
tt8805994	India
tt8001226	UK
tt5321144	South Korea
tt3585276	Japan
tt0865546	UK
tt5897284	UK
tt1781725	Spain
tt4531728	UK
tt7412482	USA
tt8290638	USA
tt6686450	Japan
tt1442434	Spain
tt0902618	Japan
tt0879054	Turkey
tt7993542	Netherlands
tt3502248	USA
tt2210826	Japan
tt2735484	Turkey
tt8678054	India
tt7949196	USA
tt10122814	France
tt1752076	New Zealand
tt5491372	USA
tt6713164	Japan
tt0807980	UK
tt0805666	USA
tt0804503	USA
tt8542132	Poland
tt2355071	USA
tt9564862	USA
tt1577226	Canada
tt9310400	Thailand
tt2085059	UK
tt0154094	UK
tt1529721	Japan
tt3921052	USA
tt8293484	Taiwan
tt4224588	UK
tt6437276	USA
tt10959272	China
tt0143058	Germany
tt1850079	Japan
tt8809536	India
tt11829316	France
tt5699822	USA
tt7487358	USA
tt2388350	Canada
tt2556288	Japan
tt0431504	South Korea
tt0461092	China
tt2201758	Netherlands
tt5765988	Germany
tt1872328	Japan
tt7078180	Japan
tt6076476	Canada
tt2197797	USA
tt6144672	Belgium
tt1085251	Canada
tt0123355	UK
tt2303123	Australia
tt0775403	Australia|UK
tt1260995	USA
tt6961920	Russia
tt0166936	Canada|USA
tt0434722	Netherlands
tt8758320	India
tt10738940	India
tt8518136	USA
tt1718312	Japan
tt6936518	Japan
tt1409646	UK
tt5487312	Japan
tt3747572	UK
tt10629560	Finland
tt1409483	Israel
tt0411011	USA
tt8759452	India
tt10940000	Canada
tt10241674	India
tt0284058	Australia|UK
tt0420416	Canada
tt0370209	USA
tt3032476	USA
tt5952634	France
tt0306414	USA
tt0284718	USA
tt1333192	UK
tt4886424	India
tt0420408	USA
tt0169456	France|Switzerland
tt10014904	France
tt1587694	USA
tt1187349	Japan
tt0840800	USA|Canada
tt1765510	USA|Canada
tt0461620	Germany
tt5167964	Japan
tt1238834	UK
tt5323298	India
tt5139272	Canada
tt0108821	USA
tt2981372	Belgium
tt3142878	Turkey
tt7138426	UK
tt5148380	Japan
tt1212452	USA
tt10882988	Turkey
tt0428134	Australia|UK
tt1415889	USA
tt1913273	Japan
tt1527854	South Africa
tt5616056	USA
tt2189801	Turkey
tt1299365	USA
tt1795096	Turkey
tt5676590	UK
tt1959087	Japan
tt7958782	USA
tt3826290	Belgium
tt0813734	UK
tt5195740	Canada
tt0772138	UK
tt5746866	Taiwan
tt4877736	USA
tt1580950	Colombia
tt1593584	Sweden
tt2575678	Japan
tt2564734	New Zealand
tt5315010	USA
tt4877360	UK
tt8906992	China
tt7694874	Denmark
tt1354462	Finland
tt1708523	Greece
tt5701140	Japan
tt11398870	Sweden
tt1949720	UK|USA
tt5120804	South Korea
tt2666270	USA
tt1236246	USA
tt0364863	Japan
tt10127524	Russia
tt10195820	India
tt9145372	UK
tt0823333	USA
tt3379576	Japan
tt2402207	USA
tt3904962	UK
tt11182816	Taiwan
tt3749900	USA
tt5641670	Germany
tt2974556	UK
tt4816632	Canada
tt1147135	Japan
tt1230417	Portugal
tt1327801	USA
tt3817630	Turkey
tt2592094	USA
tt2253780	Belgium
tt5853176	USA
tt7608248	USA
tt4565556	Argentina
tt1546555	Canada
tt0862824	USA
tt0092325	USA
tt0321021	USA
tt2364258	France
tt9080850	USA
tt9298286	China|Taiwan
tt1302522	Canada
tt1219024	USA
tt4087972	Finland
tt2827412	Australia
tt8285216	Russia
tt9454930	Netherlands
tt0192917	USA
tt11061616	USA
tt4034398	UK
tt4686698	Canada
tt6273088	Taiwan
tt7083006	Canada
tt0447582	Japan
tt5081084	Brazil
tt1346481	Croatia
tt2704008	Japan
tt6197518	Costa Rica
tt2401973	Mexico
tt1844624	USA
tt0380126	Israel
tt8703168	Germany
tt7252996	India
tt1151030	Argentina
tt0118378	Germany
tt1076940	Spain
tt5869202	USA
tt4544590	Singapore
tt11872256	Australia
tt0374412	USA
tt3612680	Japan
tt0204765	USA
tt5784958	USA|UK
tt0420403	Canada
tt1821681	USA
tt0265755	UK
tt0896895	Spain
tt2581458	USA
tt2033827	Croatia
tt3296986	USA
tt7636680	Denmark
tt1591524	UK
tt4502528	Finland
tt3654614	UK
tt5282122	Colombia
tt11529642	USA
tt0758737	USA
tt7762780	Austria
tt6193550	India
tt4273282	UK
tt1293400	Sweden
tt0346223	UK
tt6472922	France
tt5496324	USA
tt2183372	Japan
tt3717600	USA
tt3001006	Israel
tt7803258	Taiwan
tt2372806	UK
tt9540682	USA
tt5079788	UK
tt0254007	UK
tt4939950	UK
tt2934916	Ukraine
tt3088238	Australia
tt4858866	Russia
tt0364800	UK|USA
tt1242314	Germany
tt7150060	France|Germany
tt1296324	Russia
tt3142876	Turkey
tt4594334	UK
tt7168780	Japan
tt1119662	Netherlands
tt1347733	Sweden|Finland
tt0324431	USA
tt5651776	USA
tt5834534	Germany
tt3659018	Turkey
tt6357220	Taiwan
tt0946872	Chile
tt7938588	UK
tt0250157	USA
tt2925114	USA
tt4928166	UK
tt0313134	Belgium
tt1715300	India
tt8577458	
tt5260776	USA
tt1120961	Japan
tt9426390	
tt7807324	India
tt3182586	South Africa|Kenya
tt9141642	
tt5581250	Germany
tt1464470	Japan
tt3408148	Venezuela
tt0460631	USA
tt4659926	India
tt1960029	UK
tt1380582	UK
tt0406409	Colombia
tt6903120	Japan
tt0346325	Federal Republic of Yugoslavia
tt8801570	UK
tt1809002	France
tt6887288	Japan
tt7533836	Norway
tt4599252	Hungary
tt0790477	USA
tt1322202	Netherlands
tt1324040	Australia
tt10320398	Japan
tt2291021	Japan
tt8738580	UK
tt7768192	UK
tt3673794	USA
tt1476634	Italy
tt0288909	Canada
tt1201017	Portugal
tt3833900	Germany
tt5113818	Canada
tt0939805	Portugal
tt4444914	Brazil
tt1104860	Mexico
tt4901210	Turkey
tt6412978	Ireland
tt7798210	UK
tt0847147	UK
tt3228904	USA
tt1148181	UK
tt0460672	USA
tt0405551	UK
tt9244564	India
tt1343073	Estonia
tt10485750	UK
tt2524056	Sweden
tt7584650	Brazil
tt7116300	Sweden|UK|Belgium
tt5640558	USA
tt1233446	Chile
tt3419604	UK
tt0241383	UK
tt3572066	USA
tt0362359	USA
tt0441723	Germany
tt1880898	Serbia
tt5232792	USA
tt1460897	Netherlands
tt0361217	USA
tt4061080	USA
tt1471017	Hungary
tt1017813	France|Belgium
tt6876888	Germany
tt1602379	Japan
tt3543634	Sweden
tt1240976	USA
tt7230898	USA
tt1307824	USA
tt0460693	USA
tt2715356	Germany
tt0884768	UK
tt0250581	Canada|Germany|USA
tt2151244	Philippines
tt10240522	Turkey
tt3491320	Colombia
tt7520794	USA
tt5158184	USA
tt0421491	Poland
tt3647998	UK
tt2165489	Hong Kong
tt8961058	Turkey
tt11127098	Taiwan
tt1193974	UK
tt0348914	USA
tt5520772	Italy
tt0415463	USA
tt0118254	USA
tt5842808	Taiwan
tt3204050	Italy
tt1751305	Japan
tt7713016	USA
tt5473364	UK
tt0455294	Turkey
tt1200756	Japan
tt0285332	Canada|USA
tt0187666	UK
tt4108336	France
tt0494186	USA
tt0282310	USA
tt5777070	Chile
tt0258368	Argentina
tt3781262	Russia
tt0459728	Russia
tt5612670	USA
tt6423104	USA|Ethiopia
tt0427042	UK
tt7328848	Argentina
tt1167324	Germany
tt5266398	India
tt1034007	Canada
tt0791057	Sweden
tt0377260	UK
tt7768092	USA
tt3006802	USA
tt5897570	USA
tt0414731	USA
tt0320065	Colombia
tt1839578	USA
tt3356424	USA
tt2726600	USA
tt9160094	India
tt0411033	Colombia
tt3499120	USA
tt2530246	Italy
tt2296682	USA|UK
tt9690214	Australia
tt0274298	USA
tt11608094	India
tt4587872	South Africa
tt1285075	UK
tt5378720	Venezuela
tt3951130	Canada|USA
tt9398710	USA
tt1755893	Canada|UK
tt7497352	Turkey
tt0217205	Belgium
tt3866564	Japan
tt1369402	Germany
tt1598652	UK|Australia
tt0115417	Australia
tt1460746	UK
tt4633680	USA
tt1869152	UK|Canada|Hungary
tt0938853	USA|South Africa
tt0841961	UK
tt0487821	Portugal
tt4431126	Japan
tt2078576	Canada
tt1060118	Spain
tt8047424	UK
tt0460671	USA
tt4977510	Canada
tt3407010	Brazil
tt0302447	Spain
tt7197300	Taiwan
tt1821895	Denmark
tt8427658	France
tt6352990	India
tt2761630	Canada|USA
tt0264700	Turkey
tt1346122	Japan
tt6110624	USA
tt3002510	India
tt3208412	Netherlands
tt5002850	Germany
tt2070791	USA
tt1671069	Poland
tt0928414	USA
tt0202198	USA
tt1442435	USA
tt1606375	UK
tt0384766	UK|USA
tt8516554	Argentina
tt6280900	Germany
tt4061482	Australia
tt5775638	Japan
tt0410970	USA
tt0169438	UK
tt0473428	South Africa
tt1846197	Sweden
tt4687880	USA
tt0484243	USA
tt4272442	Finland
tt0320566	Russia
tt2741602	USA
tt4474750	Canada
tt9128874	UK
tt3613454	Japan
tt7710170	Bulgaria
tt8615096	USA
tt8463740	Finland
tt5444466	USA
tt0250573	Germany|Austria|Switzerland
tt0108979	Germany
tt5172272	Germany
tt9704568	UK
tt0783335	USA
tt0455275	UK|USA
tt0165028	UK
tt2946972	Japan
tt3155320	USA
tt8630708	Peru
tt0844441	USA
tt5225102	Japan
tt4858614	Lithuania
tt3318024	France
tt7125692	Germany
tt0324036	UK
tt1740281	Japan
tt10498648	USA
tt0254044	Sweden
tt11724100	France
tt6912356	China
tt3103340	Australia
tt0220261	Denmark|Sweden
tt2016425	Colombia|USA
tt3815412	UK
tt2154843	Turkey
tt0295063	Netherlands
tt0834032	Turkey
tt9905578	India
tt2048219	Colombia
tt2857498	Ireland
tt7157248	Italy|France|Spain|USA|UK
tt3597470	USA
tt8421350	USA
tt4600360	Australia
tt2530396	Japan
tt4938084	UK
tt2063417	UK
tt2930136	Japan
tt4296656	India
tt1259989	USA
tt6495756	Mexico
tt0287284	Argentina
tt1869949	Netherlands
tt7232866	Canada
tt6512962	Chile
tt0341840	Finland
tt2442560	UK
tt9675302	Czech Republic|Slovakia
tt0378445	Finland
tt0155436	UK
tt0202748	USA
tt0878633	Japan
tt3257668	India
tt0321897	UK|USA
tt2445372	Norway
tt1475263	Japan
tt4092590	Netherlands
tt4533740	India
tt0341917	Argentina
tt0229916	USA
tt6213726	Russia
tt1232320	USA
tt1117554	Greece
tt7395992	USA
tt6208084	USA
tt4522400	USA
tt2091066	Bulgaria
tt4179452	UK
tt0459675	Mexico
tt11149206	Poland
tt1866903	Taiwan
tt2345120	Japan
tt3641514	Belgium
tt1450737	India
tt6473344	USA
tt4602768	UK
tt0280344	USA
tt1191079	Czech Republic
tt0765491	Japan
tt1873483	USA
tt1468779	UK
tt5182786	UK
tt0460690	USA
tt0419343	Japan|South Korea
tt2287307	Canada
tt9125820	India
tt4693658	Japan
tt0977924	South Korea
tt0219457	Australia
tt9046098	USA
tt2673384	Japan
tt6263656	Turkey
tt0217960	Australia
tt8268834	France
tt1830617	USA
tt5827228	USA
tt0278441	Australia
tt4108134	UK
tt2147731	Canada
tt1822689	Japan
tt2288516	Colombia
tt5468694	USA|South Korea|China
tt0484917	Italy
tt9024638	India
tt5793948	UK
tt0452046	USA|Canada
tt0988930	Japan
tt7059774	Sweden
tt1548850	UK
tt7907384	Mexico
tt0810356	Canada
tt2474852	UK
tt3734428	Australia
tt0284764	UK
tt6589392	USA
tt2487090	USA
tt0094415	USA
tt5519574	USA
tt0338653	UK
tt1912143	Japan
tt4364202	USA
tt5232464	Taiwan
tt10053994	Germany
tt5263082	Uganda
tt2577388	UK
tt0315027	Germany
tt2208533	USA
tt0879689	UK
tt2189221	USA
tt1437044	Japan
tt7487580	Denmark
tt0996557	Canada
tt6740188	Japan
tt0391666	Portugal
tt1786276	Australia
tt1825122	USA
tt3276008	Netherlands
tt0457229	USA
tt2372162	USA
tt3451836	Australia
tt0290966	USA|Canada
tt8785438	Russia
tt6099652	Sweden
tt7374740	USA
tt0327333	Argentina|Israel
tt4419214	USA
tt0380124	USA
tt7526498	UK
tt1293877	UK
tt5482638	UK
tt1616407	Portugal
tt1113765	Greece
tt9547400	Japan
tt1815013	Belgium
tt1410218	Japan
tt7801964	UK
tt3095080	USA
tt0344195	Brazil
tt2039427	Finland
tt4884714	Canada
tt3099526	Mexico
tt1157595	UK
tt1477131	UK
tt4511898	UK
tt5932466	UK
tt0805665	USA
tt0799862	Canada|USA
tt2521668	France
tt8295372	Turkey
tt2108808	Japan
tt6489202	Germany|Austria|France|Luxembourg
tt1192302	Mexico
tt8593252	Canada
tt8220344	Israel
tt7097646	Germany
tt11197542	USA
tt1460872	Poland
tt0465343	USA
tt1513056	Iceland
tt3428478	UK
tt6078644	UK
tt3463288	Russia
tt5919914	India
tt0231012	UK
tt0400018	Canada
tt8682948	USA
tt4048942	Poland
tt0871848	France
tt0098844	USA
tt1283456	UK
tt6954598	USA
tt1710300	Japan
tt3829868	USA
tt0923048	USA
tt9324910	Russia
tt1244315	Japan
tt6616260	Finland|Germany
tt1091909	Canada|UK
tt3914672	Australia
tt6579342	USA
tt0820012	Finland
tt5807996	Romania
tt0419365	UK|Canada
tt5837866	Colombia
tt5253154	Peru
tt0447595	Canada
tt1474684	UK
tt0813715	USA
tt0828763	France
tt9869336	India
tt0318443	USA
tt3612626	Japan
tt0486686	Turkey
tt3842702	South Africa
tt1752761	Canada
tt4520906	UK
tt6551168	USA
tt5525050	Sweden
tt2495154	Canada
tt1188648	Turkey
tt2480498	UK
tt7331764	Spain
tt11187454	Canada
tt2561282	USA
tt6563110	France
tt0281432	Canada|USA
tt1725003	Chile
tt9025464	
tt0247081	USA
tt4648498	USA
tt5808318	UK
tt1132205	Japan
tt1879717	Japan
tt6714994	Brazil
tt0490715	Poland
tt7540408	Netherlands
tt0115347	Austria|Germany
tt11501568	India
tt0247092	USA
tt3199306	Japan
tt0218750	Portugal
tt5821784	Portugal
tt5129048	South Korea
tt1685411	Japan
tt2449262	Finland
tt2216156	UK
tt2147829	Peru
tt6196192	Venezuela|Peru|Panama
tt6181614	USA
tt5760392	Germany
tt4388130	Japan
tt0433309	USA
tt6710454	Norway
tt1836417	USA
tt3693996	UK
tt4797212	Canada
tt0791274	Canada
tt0977906	Japan
tt1741684	Turkey
tt0962418	Finland
tt5996990	Japan
tt10705312	Poland
tt3567536	UK
tt4663630	Taiwan
tt1314233	Israel
tt1255913	USA
tt2372220	UK|France
tt0338324	Finland
tt6064882	USA
tt2960144	Denmark
tt0364817	USA|Canada
tt0318256	Germany
tt0230534	France|Italy|Spain|Germany|USA
tt1781633	USA
tt5995370	Ireland
tt2832756	Australia
tt1728102	USA|Canada
tt0983956	UK
tt5761478	UK|USA
tt6138950	Japan
tt1319265	Portugal
tt0451996	Russia
tt0257328	Mexico
tt8332130	Norway
tt10157638	India
tt4445154	Germany
tt1442437	USA
tt2373905	Serbia
tt4192998	Norway|Sweden
tt1682201	Germany
tt3430014	USA
tt6268260	India
tt3556586	Japan
tt7843954	Turkey
tt5489038	Canada
tt7645634	UK
tt2720112	Australia
tt4889096	USA
tt2310393	France
tt0313126	Israel
tt10910978	Philippines
tt1697793	UK
tt10808366	UK
tt1582459	USA
tt1298177	Greece
tt10094634	France
tt2699128	USA
tt0470646	UK
tt0069658	USA
tt1700257	Germany
tt7135754	USA
tt4015310	South Africa
tt3622542	Japan
tt1011637	Germany|Austria
tt3501584	USA
tt1247637	UK
tt0297571	UK
tt11492864	India
tt6195256	Germany
tt2247314	USA
tt0920448	Netherlands
tt5178772	Turkey
tt3582458	Norway
tt0835249	UK|USA|Germany|France|Japan
tt1196947	USA
tt3079768	USA
tt10750318	Uganda
tt4035574	USA
tt1058595	Denmark
tt8247224	Portugal
tt2368579	Chile
tt1716573	USA
tt1669299	Japan
tt8178684	Israel
tt6816780	UK
tt2022170	USA
tt10235926	India
tt2802850	USA
tt6908172	Taiwan
tt8804656	UK
tt0221731	Turkey
tt2142429	Venezuela
tt0361187	UK
tt2595486	Japan
tt6839788	Germany
tt6331258	Ukraine|Russia
tt4155602	Argentina
tt0765700	Netherlands
tt0048845	USA
tt2188249	UK
tt9226022	Germany
tt1935700	New Zealand
tt6671178	Taiwan
tt4093912	Spain
tt2339608	Turkey
tt0446827	Chile
tt11737844	Singapore
tt2378098	USA
tt8128344	UK
tt6150576	Japan
tt1974470	Canada
tt4324330	France
tt5878014	Indonesia
tt3269246	USA
tt0423668	UK
tt7902072	UK
tt1242463	Germany
tt1509004	USA
tt6500104	Canada
tt4996654	UK
tt7748356	Turkey
tt5560712	Italy
tt9249026	India
tt1919418	UK
tt2355844	USA
tt7718110	USA
tt0366096	Portugal
tt0400061	Poland
tt5707802	USA
tt1984119	USA
tt2851244	Russia
tt1440502	USA
tt2552026	Canada
tt0413602	Hungary
tt0399990	Japan
tt1233560	Ireland
tt6340430	France
tt6441438	Canada
tt7397604	
tt0377168	Japan
tt7867522	Finland|Belgium|Germany
tt1539669	Romania
tt0352078	Venezuela
tt5998008	USA
tt5014882	UK
tt0279570	Japan
tt0379639	Belgium
tt3476576	USA
tt10628224	Finland
tt0354318	UK
tt0403780	Portugal
tt0385405	Sweden
tt0401083	Venezuela
tt6812120	Germany
tt2245029	USA
tt2034403	Croatia
tt3386494	Italy
tt0202724	USA
tt1927327	Argentina
tt1053552	Sweden
tt10676132	Germany
tt1775949	Sweden
tt8709928	Australia
tt7971476	USA
tt4428124	USA
tt6461706	USA
tt10584446	Australia
tt0410978	USA
tt6099952	Netherlands
tt3852258	Australia
tt1091234	USA|Canada
tt6466208	India
tt0354284	Spain
tt0407362	USA|Canada
tt0289016	USA
tt4790548	Japan
tt8049666	UK
tt6953936	Taiwan
tt0490717	Portugal
tt0356305	France
tt1018269	Portugal
tt1331277	Poland
tt0875149	Australia
tt1459243	USA
tt4249640	Japan
tt3172614	Canada
tt1319636	USA
tt9135686	India
tt0410975	USA
tt0248655	Canada|USA
tt10876286	India
tt1267060	Brazil
tt2699780	Singapore|Australia
tt1045779	Denmark
tt4341996	Canada|USA
tt0989769	Japan
tt8652642	USA
tt7745218	India
tt1074206	USA
tt1769411	UK
tt6396338	Turkey
tt0457239	UK
tt3958022	USA
tt2455258	Russia
tt8902258	USA
tt5311210	Pakistan
tt4269716	Romania
tt1876662	Netherlands
tt7226940	Turkey
tt7640304	Italy
tt1526318	Denmark
tt0398533	Japan
tt1934784	Mexico
tt0997019	Brazil
tt0314983	UK
tt0316985	Australia|Canada
tt0448274	Turkey
tt2492296	USA
tt1538431	France
tt3554414	India
tt11935214	Netherlands
tt3337570	Netherlands
tt1442462	USA
tt0481257	Canada
tt3069894	Israel
tt0313449	Chile
tt2167041	Japan
tt7607410	Mexico
tt2365946	Canada
tt3489184	USA
tt1535096	UK
tt0103434	Germany
tt8698084	Denmark
tt6654118	Turkey
tt6110648	USA
tt3715874	Japan
tt4900356	USA
tt10240056	Japan
tt1173928	Portugal
tt2533744	Italy
tt4901120	Turkey
tt3604212	USA
tt1118526	Japan
tt5543966	France
tt5099020	Hungary
tt8870248	Philippines
tt2177461	UK
tt1837642	USA
tt2734592	Philippines
tt9599524	Belgium
tt0338667	Argentina
tt6263066	UK
tt2104829	UK
tt7535746	Japan
tt9278408	Turkey
tt0296307	Ireland
tt0264970	UK
tt7972292	India
tt3597606	USA
tt0448950	USA
tt0096587	West Germany|Austria
tt9871766	India
tt6971054	USA
tt0775558	USA
tt0272379	Canada
tt9704798	UK
tt1804880	Canada
tt1657505	USA
tt0324910	Peru
tt0317250	Chile
tt8235246	Norway
tt0313038	USA
tt1405159	UK
tt2817246	USA
tt0178165	USA
tt2306299	Ireland|Canada
tt0780374	Germany
tt0423646	Argentina
tt2745682	South Korea
tt4171698	Taiwan
tt2057856	Australia
tt1135047	UK
tt0292403	USA
tt2176609	USA
tt6816530	Australia
tt1862521	China
tt2127216	Japan
tt7187044	USA
tt0932670	USA
tt7781582	India
tt1674393	USA
tt10995582	Nigeria
tt0256271	Colombia
tt10133370	France
tt10461002	UK
tt1964604	UK
tt1013873	UK
tt0350386	UK
tt4699982	Ireland
tt0367424	Canada|USA
tt2970414	USA
tt1000691	Russia
tt11202928	Israel
tt4658008	India
tt8193512	Finland
tt1155101	France
tt0497863	UK
tt0877512	USA
tt5763376	Poland
tt7458752	Netherlands
tt7336468	Russia
tt0297538	Australia
tt5586510	India
tt5919848	India
tt0440987	Japan
tt0489597	Japan
tt6189904	Brazil
tt5222314	Brazil
tt9134228	UK
tt0993355	Sweden
tt4481266	USA
tt0497154	Argentina
tt5303602	Turkey
tt0429455	USA
tt2368005	UK
tt1761773	UK
tt5436516	Australia
tt4644530	Brazil
tt0302103	UK
tt1587000	Australia
tt11262934	Denmark
tt3150586	Turkey
tt7328194	Belgium
tt7865116	Netherlands
tt1748166	USA
tt0483536	USA
tt8258938	Japan
tt1087819	Sweden
tt7717386	USA
tt5555022	Philippines
tt0997284	Japan
tt0443948	France
tt1836237	USA
tt0190193	Denmark
tt0288380	UK
tt0850644	Denmark
tt1076406	Israel
tt8232504	Serbia
tt5296406	USA
tt5850444	Japan
tt0428185	USA
tt10504902	Taiwan
tt2391224	UK
tt8324820	France
tt0481038	South Africa
tt0778547	Belgium|France|Switzerland
tt1333050	USA|Mexico
tt0934709	Italy
tt5364016	USA
tt6235440	Japan
tt4074084	USA
tt6914756	Germany
tt1480669	Canada|USA
tt8733818	UK
tt6384676	Turkey
tt4682934	USA
tt0401049	Poland
tt2075560	Japan
tt0476042	Japan
tt0472216	Sweden
tt9548022	Australia
tt1252759	Japan
tt5258356	USA
tt2558018	Denmark
tt0460089	USA
tt9111220	Canada
tt1661320	France
tt1580811	Turkey
tt0287260	USA
tt0428130	Israel
tt2520054	South Africa
tt7366338	USA|UK
tt0481044	Russia
tt2750688	Norway
tt1020109	UK
tt4878612	USA
tt4127192	Japan
tt0240493	Japan
tt1834598	UK
tt5052460	France|USA
tt0828594	Netherlands
tt0991266	Ireland
tt2190853	Germany|France|Finland
tt2507160	USA
tt0484803	UK
tt2531918	Japan
tt2789548	Japan
tt0229881	Portugal
tt5616980	South Korea
tt2119077	UK
tt2359935	Germany
tt8242562	Netherlands
tt2545498	USA
tt4569794	Australia
tt4549934	Czech Republic
tt7978912	UK|Canada
tt0115322	USA
tt6870990	Australia
tt6889090	UK
tt2343137	UK|France|Poland|USA
tt1178618	UK|Sweden|Germany|USA
tt0456029	Australia
tt6063716	UK
tt4714132	Germany
tt4607112	UK|Canada|USA
tt6623682	Sweden
tt8404094	USA
tt4032830	USA
tt9314120	
tt0974445	Finland
tt0439367	USA
tt0206517	Israel
tt2402129	USA
tt0414777	USA
tt0482147	UK
tt7148058	Tunisia
tt7351316	India
tt5732540	Poland
tt3376556	Venezuela
tt0327386	Japan
tt4124758	USA
tt4855114	USA
tt3565352	Japan
tt2169443	Estonia
tt1475582	UK|USA
tt5809150	Canada|France|USA|Germany
tt7107226	Turkey
tt7464802	Israel
tt0247119	Canada
tt1699748	Canada|UK
tt2204714	UK
tt6411390	Argentina
tt2017109	USA
tt9735924	USA
tt4658612	UK
tt2886374	Philippines
tt0804414	USA
tt2013163	Germany
tt1981445	USA
tt6185118	Norway
tt6172226	Japan
tt1797475	USA
tt0944947	USA|UK
tt10500034	UK
tt5467814	USA
tt6461786	USA
tt0173902	UK
tt4796566	UK
tt5327216	UK
tt0442632	UK|USA
tt0402711	USA
tt0348913	Canada|USA
tt0111945	USA
tt2148433	UK
tt8304676	Israel
tt5719874	
tt3315020	UK
tt5428980	USA
tt0462150	Turkey
tt3595806	USA|Canada
tt7365976	USA
tt1030744	UK
tt9335828	Sweden
tt10170218	Germany
tt0377216	Finland
tt5607616	Japan
tt0320886	Netherlands
tt4370596	USA
tt3715000	Argentina
tt9248162	USA
tt7582346	Sweden|Denmark|Finland
tt9742936	
tt0247890	Peru
tt3657706	Ireland
tt10196038	India
tt10927414	Serbia
tt6977738	Canada
tt6633078	Greece
tt3686032	Estonia
tt6756488	Germany
tt6158540	Taiwan
tt4131142	Australia
tt6998326	Japan
tt1489428	USA
tt10079396	Hungary
tt10091652	Philippines
tt1258216	Australia
tt9440418	India
tt9005664	China
tt0237971	Finland
tt1064628	UK
tt0190106	USA|Canada|UK
tt4567964	Finland
tt2315248	Japan
tt4629104	India
tt0312271	USA
tt11634266	USA
tt4724388	Japan
tt0365651	UK
tt2127944	Colombia
tt0463270	Australia
tt1988853	Spain
tt0925424	Israel
tt3633394	South Korea
tt3609490	USA
tt7151036	India
tt1690364	UK
tt0840196	UK
tt0489598	USA
tt3823996	Belgium
tt2336652	USA
tt10255886	Canada
tt1694038	Japan
tt4565380	Israel
tt10049610	Japan
tt1688612	USA
tt5435008	USA
tt0118435	USA
tt0282289	Mexico
tt1714804	Japan
tt1216427	UK
tt1131145	Italy
tt0429408	Greece
tt0184929	Japan
tt3351830	Italy
tt0324865	USA
tt1707363	USA
tt0429422	Canada
tt3130002	Portugal
tt0098749	USA
tt2341669	UK
tt1132201	Japan
tt0338590	Spain
tt6536562	Turkey
tt6258050	Australia
tt1748888	UK
tt3161744	USA
tt2215717	USA
tt3501074	USA
tt4520992	USA
tt4426126	Japan
tt9145476	UK
tt1430081	Germany
tt4075038	Turkey
tt2084685	USA
tt2141869	France|Portugal|Italy
tt4288182	USA
tt0490739	Israel
tt5855464	USA
tt1242503	Portugal|France
tt5605172	South Korea
tt6116060	USA
tt6522758	USA
tt0460677	USA
tt1723760	USA
tt0245605	UK
tt0925510	Israel
tt9018960	
tt4941288	USA
tt7905470	India
tt11695720	France
tt1216131	Japan
tt1592294	India
tt1149608	Canada
tt1442566	Australia
tt0366090	Norway
tt0433500	UK
tt0481436	UK
tt4902046	UK
tt0188318	France
tt0891890	Japan
tt3524614	USA
tt3215364	USA
tt2914762	UK
tt3018474	USA
tt1210018	Germany
tt2209714	UK
tt0108830	Germany
tt1784143	Italy
tt2322158	USA
tt0118276	USA
tt1204353	Mexico
tt6216702	Colombia
tt5162244	Canada
tt9471962	Turkey
tt5660604	New Zealand
tt5256788	Japan
tt0848539	USA
tt0343963	Peru
tt0426678	Turkey
tt10019180	Russia
tt1186331	UK
tt10098620	UK
tt1340758	UK
tt7831704	Germany
tt0806910	West Germany|Austria
tt2783314	UK
tt10081702	Netherlands
tt6980394	Ireland
tt2188056	USA
tt0324264	UK
tt1604099	USA
tt1400580	USA
tt1567715	Spain|Colombia
tt2575852	India
tt0867015	UK
tt5670870	South Korea
tt0389564	USA|UK
tt1330768	UK
tt1257544	Sweden
tt1889879	India
tt0169462	France
tt1829850	UK
tt0398427	UK
tt7357672	India
tt8083196	USA
tt1464852	Netherlands
tt0379628	UK
tt1534780	USA
tt1170041	Spain
tt0375411	USA
tt2402807	Australia
tt6270328	Australia
tt1928881	Japan
tt5057054	USA
tt4141516	Denmark
tt4277048	South Korea
tt3516878	USA
tt8064302	USA
tt9023840	Mexico
tt5311790	UK
tt1892769	Japan
tt8974594	UK
tt6467482	France
tt11502628	China
tt2996052	USA
tt1379690	USA
tt0414751	USA
tt3170892	Canada
tt1747461	USA
tt2377356	Japan
tt0186771	Australia
tt6350734	Denmark
tt9471992	Turkey
tt1159996	Canada
tt1719831	Canada
tt7681464	Brazil
tt1086761	USA
tt6056322	Indonesia
tt1256553	France
tt10924404	Denmark
tt3734442	Israel
tt6720710	Japan
tt2586488	USA
tt11966434	Poland
tt2726260	Israel
tt4432814	Australia
tt7229138	France
tt0796264	USA
tt1850096	Japan
tt0780226	Germany
tt4559906	Mexico|Venezuela|Panama
tt1659070	USA
tt1960295	Japan
tt0341997	Australia
tt5588016	South Korea
tt1238185	UK
tt1409008	USA
tt5568438	UK
tt1274640	Portugal|Spain
tt0460651	USA
tt0162065	USA
tt0319987	USA
tt8686106	Sweden
tt0758790	Ireland|Canada|USA|UK
tt0294146	New Zealand
tt0487863	Portugal
tt2295861	Japan
tt7208692	India
tt10517426	Israel|USA
tt1338724	Canada|USA
tt0476922	USA
tt7714130	USA
tt3871822	Finland
tt3906732	USA|Canada
tt5842572	Japan
tt9193596	China
tt5096358	Japan
tt2375720	Australia
tt0835267	Germany
tt3248552	India
tt9520396	Turkey
tt5639976	USA
tt4905554	Australia
tt8968158	Russia
tt2094211	South Korea
tt5660306	
tt1888332	India
tt10631792	Finland
tt1942592	Sweden
tt0210459	Portugal
tt3197014	USA
tt0377134	Canada|France
tt8447746	USA
tt2122087	Japan
tt5195094	Ecuador
tt4396664	USA
tt1033178	Chile
tt8142494	India
tt2177489	USA
tt10461426	India
tt0970040	Mexico
tt4942302	Japan
tt7087776	Mexico
tt7052394	UK
tt3328268	UK
tt1757201	Portugal
tt3484180	UK
tt0309221	Canada
tt1976826	Spain
tt0758422	Japan
tt2532272	Japan
tt0475784	USA
tt0413569	Portugal
tt0485071	Australia
tt6656260	Denmark
tt1289683	Turkey
tt6964108	Japan
tt8461164	India
tt0115233	Germany
tt1837576	USA
tt6228658	Australia
tt4255392	Czech Republic
tt7577944	Netherlands
tt0353867	Canada|USA
tt1864017	UK
tt1082583	USA
tt5797166	Japan
tt5104362	Poland
tt1831164	Turkey
tt1064709	Japan
tt0163944	Sweden|Denmark|Finland
tt1110111	Sweden
tt2073261	Hungary
tt11698758	Tunisia
tt2090326	UK
tt1127229	Spain
tt5839454	UK
tt1745588	UK
tt2593258	Republic of North Macedonia
tt5736118	Turkey
tt8312982	Russia
tt1117666	UK
tt11262762	Taiwan
tt10853780	Norway
tt1050377	Japan
tt6048596	USA
tt8708280	UK
tt2020488	Indonesia
tt0791612	Turkey
tt7845464	Finland
tt0187650	Portugal
tt9319680	USA
tt5651844	Canada|USA
tt10182942	USA
tt2650940	Brazil
tt1163715	Finland
tt8001106	UK
tt5073948	Portugal|Spain
tt1486282	USA
tt1310629	Switzerland
tt3900908	India
tt9113406	USA
tt3371326	Japan
tt1538438	Spain
tt5679980	Japan
tt3921034	USA
tt8171352	Poland
tt1000734	UK
tt6205566	USA
tt5459168	Czech Republic
tt4643084	USA
tt4882884	USA
tt0956036	USA
tt1685484	Japan
tt8334618	France
tt2024922	Turkey
tt2153058	Argentina
tt0782510	Sweden
tt0403787	Canada
tt5805472	Japan
tt6491428	China
tt7880808	India
tt7752860	India
tt3121684	Croatia
tt1298822	USA
tt7781554	India
tt3206030	South Korea
tt1972895	Japan
tt1552112	USA
tt2193041	Canada
tt0273349	UK
tt2339940	USA
tt6333248	Russia|Ukraine
tt1508099	Spain
tt1409383	Japan
tt2108249	Japan
tt3154668	Canada
tt8697538	Germany
tt6474378	USA
tt8201142	UK
tt1462771	USA
tt0499115	Spain
tt1253869	UK
tt2898706	Spain
tt5759648	Norway
tt4145760	USA
tt6136644	Belgium
tt0272993	Denmark
tt4384306	Japan
tt10075318	Turkey
tt1516503	Hungary
tt11006992	Turkey
tt3498072	
tt0778545	Portugal
tt9159144	Canada|USA
tt8103070	USA
tt11894490	Norway
tt0322985	Greece
tt7414406	USA
tt3231564	USA
tt2367158	Israel
tt2314792	USA
tt3830558	France|Canada
tt6045840	USA
tt1881284	Chile
tt1831575	UK
tt1515193	USA
tt5370310	Denmark
tt5376862	USA
tt5194410	Sweden|Germany|Belgium
tt0108894	USA
tt2164430	UK
tt1985443	USA
tt4192812	UK
tt7845932	Germany
tt6432854	Australia
tt0106079	USA
tt0904992	Israel
tt0799922	USA
tt1178636	USA
tt0394150	Russia
tt7573024	UK|Canada
tt8056962	India
tt0385438	USA
tt7035248	Taiwan
tt0866442	USA
tt0179061	UK|Canada
tt4183980	Ireland
tt6586318	UK|USA
tt0463834	USA
tt0155425	USA
tt4601526	Ukraine|Russia
tt0420415	New Zealand
tt0317875	UK|France|Canada
tt4744218	USA
tt11991508	China
tt0406404	UK
tt1282865	Netherlands
tt1950676	Japan
tt4827440	India
tt7649874	China
tt10902620	South Africa
tt1086221	Mexico
tt3494220	UK
tt5257744	USA
tt0283205	USA
tt1043714	UK
tt5503718	USA|UK
tt6009914	Japan
tt0424598	Portugal
tt5426000	Japan
tt7621276	Turkey
tt9096108	India
tt3145960	Finland
tt5440028	Russia|Ukraine
tt0496193	Japan
tt2710394	USA
tt6859806	UK|USA
tt1132202	Japan
tt1343007	USA
tt10473150	USA
tt2090883	Germany
tt5651762	USA
tt7624596	India
tt5968402	Jordan
tt3311936	USA
tt0160904	UK
tt9220060	Germany
tt0370099	Canada
tt0254017	
tt5905072	Japan
tt9645942	Mexico|Spain
tt4219938	Sweden
tt10174244	India
tt9435024	Israel
tt1592254	USA
tt0320069	USA
tt7983044	Romania
tt5946714	USA
tt1863663	Mexico
tt0292858	Canada|UK
tt5269594	UK
tt1711789	Germany
tt0818926	Norway
tt3981902	Japan
tt8089592	USA
tt0396374	Japan
tt0412107	UK
tt2326921	South Africa
tt0920511	Germany
tt0183068	UK
tt1816979	Finland
tt6255500	UK
tt1612937	Hong Kong
tt1857209	France
tt0897326	Canada
tt1124373	USA
tt2787278	USA
tt0847150	UK
tt6843994	Norway
tt3219606	Russia
tt0283705	Canada
tt8066878	Sweden
tt10768238	Sweden
tt3103618	Netherlands
tt1453159	Germany|Canada|UK|Hungary
tt2586112	Italy
tt1063745	Germany
tt1119644	USA|Canada
tt0493383	UK
tt8880894	USA
tt9592504	Taiwan
tt0108968	USA
tt0994314	Japan
tt0486425	Spain
tt6348976	USA
tt0158552	USA
tt5031234	USA
tt9308346	USA
tt7349562	Turkey
tt0423651	UK
tt5847652	Armenia
tt1278165	Japan
tt5458832	UK
tt3367698	Japan
tt5460226	USA
tt5168604	Argentina
tt0460627	USA
tt0313043	USA
tt3843168	USA
tt8561620	Russia
tt9507200	Slovenia
tt1850578	Canada
tt0430854	Turkey
tt0798761	India
tt0247082	USA|Canada
tt1739702	Israel
tt0295137	Germany
tt3104114	Japan
tt0379632	UK
tt2421012	Netherlands
tt0460626	USA
tt3398540	Japan
tt1016126	Canada
tt1236310	Finland
tt5280950	France|Belgium
tt1186342	UK|USA
tt1468557	Australia
tt3315386	USA
tt4508938	Estonia
tt0244901	South Africa|USA|Germany|Italy
tt6757816	India
tt6853528	UK|USA
tt6394324	USA
tt0983987	Japan
tt2404029	UK
tt3397572	Canada
tt0388644	France
tt2626138	Sweden
tt11075196	Philippines
tt9723520	USA
tt2172103	USA
tt8453458	Croatia
tt2359710	France
tt2350826	Japan
tt3328572	Russia
tt9910728	Turkey
tt2008305	Russia
tt7572868	Italy|Germany
tt3560462	Japan
tt0977690	Germany
tt0173664	USA
tt6463924	USA
tt2761354	Australia
tt1695366	Ireland|Italy|France|Canada|UK|Spain|Germany
tt1831424	Japan
tt1942009	Japan
tt10303040	India
tt5936448	UK
tt6809396	
tt4573682	UK
tt3409718	Japan
tt6548228	USA
tt2366818	Egypt
tt1503519	New Zealand
tt2315850	USA
tt0810725	Ireland
tt8134470	USA
tt0305079	UK
tt0355152	Finland
tt7720790	USA
tt6033982	Japan
tt2396135	UK
tt10284214	USA
tt3481364	Japan
tt6040674	USA
tt4270492	USA
tt0289817	UK
tt4226782	Japan
tt5165368	USA
tt7956020	UK
tt4912412	Turkey
tt5555260	USA
tt0288937	Canada
tt5572020	USA
tt6763664	USA
tt0315705	UK
tt0810722	UK
tt8390062	Russia
tt7817930	China
tt4708828	USA
tt6533218	Canada
tt8723738	USA
tt4017550	USA|Canada
tt0479612	UK
tt2843368	France
tt6286390	Taiwan
tt7176580	USA
tt0988813	Japan
tt2219163	Spain
tt0775374	USA
tt10531788	Philippines
tt0434666	Turkey
tt1070744	Japan
tt0997200	Czech Republic
tt0299285	UK
tt0262994	USA
tt1365244	UK
tt1675060	Portugal
tt1173206	UK
tt7866098	USA
tt1092316	Finland
tt5789958	UK
tt5809070	USA
tt6232538	Japan
tt2678354	UK
tt1119176	Australia
tt6473300	India
tt1306572	Greece
tt0246353	UK
tt0424609	USA
tt0238784	USA
tt10262204	Ethiopia
tt0411008	USA
tt2295781	Hungary
tt1870949	Netherlands
tt0808871	Turkey
tt1618952	Turkey
tt0495651	Portugal
tt0124958	Spain
tt0370139	UK
tt1505260	Croatia
tt6821044	USA
tt0938252	Norway
tt2375692	South Africa|USA
tt1378167	USA
tt1625724	Ireland
tt9170318	Serbia
tt2171784	Spain
tt2603432	India
tt7881666	Germany
tt1112587	Netherlands
tt7945720	USA
tt3989730	Japan
tt3716466	Japan
tt0881112	Spain
tt1968961	Hungary
tt0297174	Spain
tt9529892	Turkey
tt3488298	USA
tt4011328	UK
tt0423743	UK
tt0902116	Russia
tt0765538	Austria
tt0884765	UK
tt7587890	USA
tt0366020	Spain
tt6202374	USA
tt1321964	Spain
tt11229310	USA
tt0319960	USA
tt0280287	USA
tt6977698	USA
tt10451240	Bosnia and Herzegovina|Serbia
tt7222902	India
tt2054938	Australia
tt0892535	USA
tt7853580	France
tt1847905	Spain
tt0966151	UK
tt0380147	Hungary
tt5256926	UK
tt1492179	UK
tt1219818	UK
tt2532458	Italy
tt5730690	UK|USA
tt0807686	France
tt1671586	Sweden
tt3318090	Australia
tt6903852	France
tt8045936	Turkey
tt3920814	Canada
tt0395056	New Zealand
tt4192782	Australia
tt7194490	UK
tt2396275	Australia
tt2520352	Japan
tt3830834	USA
tt0343286	Spain
tt9604400	Finland
tt0346385	Finland
tt0389635	UK|USA|Canada
tt0808099	UK
tt5983232	India
tt5056538	Argentina
tt1327810	Canada
tt5286434	Brazil|New Zealand
tt11417960	Spain
tt4422756	USA
tt5103536	USA
tt0451513	USA|Argentina
tt5753634	India
tt0261549	Colombia
tt1308085	Japan
tt3238034	Russia
tt2587452	USA
tt2087193	Turkey
tt0337792	UK
tt5040510	Germany
tt1442562	Belgium
tt10752660	Finland
tt0410968	Russia
tt0362192	UK
tt5456714	USA
tt0375290	UK
tt11789868	Turkey
tt10388018	South Africa
tt0108977	Germany
tt5101816	Russia|Ukraine
tt8124970	USA
tt10144220	Germany
tt11426542	Turkey
tt3506278	India
tt7161312	UK
tt0374415	Chile
tt1039793	USA
tt7181536	Japan
tt5370348	India
tt7964852	Germany
tt0275116	Poland
tt0478959	Austria|Germany
tt1132290	USA|Canada
tt2941212	Russia
tt0816398	Japan
tt0856757	Turkey
tt1955305	Philippines
tt9048998	Turkey
tt0112112	USA
tt6883564	China
tt2094262	USA
tt6748178	Denmark
tt5133742	UK
tt3769798	Japan
tt0087305	Brazil
tt0105958	USA
tt0408403	UK
tt6078850	Netherlands
tt0406468	UK|Canada
tt4687882	USA
tt4285552	Netherlands
tt4601614	Croatia
tt0478834	Canada
tt4930608	Japan
tt0446224	Hungary
tt5340732	Germany
tt4402162	Japan
tt6352860	Taiwan
tt4202382	Canada
tt8390342	USA
tt2155025	Australia
tt0478942	UK
tt2806700	Germany
tt3602528	Israel
tt7413448	USA
tt1780701	France
tt7699414	
tt7861612	USA|UK
tt7504678	Chile
tt5511582	USA
tt4607746	USA
tt5074480	Japan
tt0338655	UK
tt0498402	USA
tt8682608	Mexico
tt2077823	USA
tt0401952	India
tt5571280	USA
tt0375291	Venezuela
tt5224200	Turkey
tt3684488	Japan
tt1854704	India
tt0141842	USA
tt7269100	India
tt1229413	USA
tt0258620	USA
tt0452731	Russia
tt7598448	UK|USA
tt3428912	UK
tt1835022	USA
tt1132528	USA
tt2006374	USA
tt2096153	Belgium
tt0805661	USA
tt4132514	Turkey
tt0267160	Germany|Luxembourg
tt0809497	USA
tt4567314	UK
tt0472242	USA
tt3437412	Chile
tt0488438	Germany
tt1141747	Iceland
tt2183641	UK|Ireland
tt5932548	UK|USA
tt11399816	Hong Kong
tt4036886	UK
tt3567298	Germany
tt0312895	UK
tt3561418	New Zealand
tt6716446	India
tt5546156	Germany
tt8540142	Norway
tt9572668	Poland
tt8747458	
tt3581932	UK
tt1823011	Australia
tt3865236	USA
tt0284722	USA
tt0413573	USA
tt1353144	Brazil
tt0473580	Germany
tt0105986	USA
tt8189428	India
tt2565808	Belgium
tt5094928	Argentina
tt2862166	Canada
tt1832979	USA
tt5677734	Japan
tt0108734	USA
tt6724368	Turkey
tt0362361	Spain
tt1295041	Denmark
tt1001482	USA
tt0136638	Sweden|Denmark
tt4515754	Ukraine|Russia
tt1077223	Germany
tt6273190	Taiwan
tt2672042	USA
tt6178982	Philippines
tt7131682	Singapore
tt9465976	USA
tt0202190	UK
tt1623360	Japan
tt6691444	Canada
tt3407022	Japan
tt10305992	India
tt0337764	USA
tt5514990	Canada
tt5302120	Turkey
tt3959576	UK
tt0487834	Portugal
tt1251184	Finland
tt10990110	Spain
tt0224853	USA
tt0220915	UK
tt2747356	Japan
tt11469676	Vietnam
tt0328736	Spain
tt3105452	Japan
tt10560618	Poland
tt0300879	UK
tt10195532	India
tt10237790	Denmark
tt6467568	Norway
tt7746794	USA
tt0331743	Japan
tt11886434	India
tt0342004	Sweden
tt2369037	UK
tt3697872	Russia
tt2928890	Brazil
tt1595860	USA
tt6812106	Germany
tt2193053	USA
tt1837492	USA
tt5581746	Russia
tt5120616	South Korea
tt3846642	USA
tt7677350	Belarus
tt0805667	USA
tt6409156	India
tt2992540	Russia
tt1842973	UK
tt4320604	Germany
tt1738340	UK
tt0094481	Australia
tt4117294	Denmark
tt7463332	Japan
tt1286039	Canada|USA
tt4426042	Russia
tt0271022	USA|Canada
tt0317364	USA
tt3574152	UK
tt0439938	Belgium
tt2555724	USA
tt8306570	USA
tt1551632	USA
tt2016394	USA
tt6038954	Australia
tt5595238	France
tt8273476	India
tt4412548	Japan
tt1422291	Japan
tt6132758	Turkey
tt2472662	Netherlands
tt8811948	Brazil
tt9140604	Sweden
tt0377266	UK
tt5729304	UK
tt1934806	India
tt0488477	Japan
tt0162076	Belgium
tt1997858	Poland
tt2354948	USA
tt0103352	Canada
tt0450896	Venezuela
tt1466074	USA
tt0466511	Ukraine
tt2297703	UK
tt9160032	Indonesia
tt0450929	Israel
tt2649522	UK
tt0468431	UK
tt10762794	UK
tt0773262	USA
tt0403795	USA
tt1467394	Belgium
tt2149175	USA
tt0441080	Czech Republic|Slovakia
tt7875794	Norway
tt1717455	UK
tt0395843	USA|Canada
tt4024268	Russia
tt1165062	Japan
tt2618986	USA
tt0203248	UK
tt9885436	India
tt1127876	UK
tt0997270	Ireland
tt1641349	Australia|USA
tt6210192	UK
tt1533010	UK
tt3556600	Japan
tt4568372	UK
tt1784308	Canada
tt2649588	UK
tt0346311	Japan|South Korea
tt1538145	USA
tt4539954	Canada|UK
tt4871482	Turkey
tt10468622	Sweden
tt8661774	India
tt0441924	Turkey
tt0963150	Japan
tt0320958	Sweden
tt0165961	USA
tt0397756	UK
tt6091718	Turkey
tt4961362	Japan
tt1437145	Japan
tt7213522	India
tt2558214	Japan
tt0787407	USA
tt3122084	Japan
tt0108749	Germany
tt0303575	Australia
tt4818104	Argentina
tt2965208	Portugal|Angola
tt0108827	Hungary
tt2227394	Switzerland
tt1851040	USA
tt7781310	India
tt1802693	Australia
tt0459579	France|Switzerland|Belgium
tt3134052	Japan
tt7651284	India
tt1882928	Japan
tt11256260	Turkey
tt1314234	Netherlands
tt3329352	Japan
tt11912196	India
tt1008108	UK
tt0988301	Germany
tt0452757	Italy
tt4401126	Australia
tt0477412	Italy
tt4568288	UK
tt7759306	USA
tt0452573	UK|USA
tt8771910	USA
tt2139055	Japan
tt0460365	Italy
tt5022622	Italy
tt9076588	Canada
tt0401916	India
tt1018501	Turkey
tt6201346	South Korea
tt7836468	USA
tt9827854	USA
tt1520211	USA
tt8105958	Colombia
tt2274800	Australia
tt6257298	Canada
tt1713938	Canada|France
tt2820336	Portugal
tt5342532	USA
tt0314996	UK
tt2720566	Russia
tt0303458	Spain
tt4770146	Ukraine|Russia
tt2125743	USA
tt1315063	UK
tt7130992	Turkey
tt2275990	UK
tt0115355	UK
tt3425432	USA
tt6461736	USA
tt0221728	USA
tt0212662	USA
tt8063174	Turkey
tt0387714	USA
tt1129663	Hungary
tt2708560	USA|Australia
tt6236572	Canada
tt2143011	Russia
tt2821466	UK
tt4280840	Japan
tt1281970	Ireland
tt0477939	Ireland
tt3868832	UK
tt4310426	Germany
tt1852531	Croatia
tt5904172	France
tt5921398	Canada
tt4515870	Germany
tt0756582	USA
tt0494192	UK
tt1346018	UK
tt6166364	USA
tt2402061	USA
tt1449940	UK
tt0415406	USA
tt3316032	Netherlands
tt6566640	Australia
tt3973768	USA
tt6478318	Turkey
tt7414430	India
tt1587102	India
tt0247827	USA
tt1258189	UK
tt6420718	Taiwan
tt5295382	Netherlands
tt7909970	USA
tt5338400	Japan
tt3478918	Egypt
tt1105715	Canada
tt2257905	Canada
tt4122068	UK|USA|Sweden
tt1416765	USA
tt0301263	Colombia
tt5621306	South Korea
tt8613776	Germany
tt6357250	Taiwan
tt2341806	Japan
tt0480489	Japan
tt5180504	USA|Poland
tt10327412	USA
tt1542987	Spain
tt5057932	UK
tt2382108	USA
tt9609210	India
tt5635260	Mexico
tt1311486	Serbia
tt0461097	New Zealand
tt0236041	USA
tt8000674	USA
tt1190173	Japan
tt2602070	Sweden|Denmark|Norway|Finland
tt11460508	UK
tt2245880	Japan
tt1379722	USA
tt4513868	UK
tt1297878	UK
tt0220178	USA
tt3205236	USA
tt1127904	Norway
tt1298820	Japan
tt10162322	India
tt0996289	Japan
tt1491859	Japan
tt0420362	Brazil
tt1062205	UK
tt0338577	Germany
tt10198930	Tunisia|United Arab Emirates|Italy
tt7496546	Canada
tt7920978	Turkey
tt0376374	Chile
tt1508912	USA
tt8712566	Italy
tt5301958	Japan
tt6856484	USA|Canada
tt0412253	USA
tt7126882	China
tt2310240	USA
tt1244322	Japan
tt1334429	Netherlands
tt6271042	UK|USA
tt8069036	India
tt6428088	Israel
tt7671598	USA
tt1297754	Canada
tt2886812	Canada
tt3501628	Russia|Belarus|Ukraine
tt4412542	Japan
tt2343382	Japan
tt4725820	Brazil
tt2699110	USA
tt1909962	Mexico
tt1124062	Brazil
tt0452568	UK
tt2543796	USA
tt1797404	USA
tt10916128	France
tt0408375	UK
tt11794642	USA
tt1343302	Australia
tt2120402	Japan
tt0407384	USA|Canada
tt2497788	USA
tt5987156	USA|Jamaica
tt5738256	Japan
tt0484951	South Africa
tt4183480	Philippines
tt1441135	USA
tt5770786	USA
tt6077258	China
tt6328940	India
tt4438250	USA
tt1309098	Italy
tt0398504	UK
tt4667058	Pakistan
tt4276624	USA
tt0103556	Germany
tt10098792	Turkey
tt0862593	USA
tt1650552	USA
tt1734537	UK|USA
tt5859832	USA|Canada
tt1600690	Spain
tt4276618	UK
tt5896788	Israel
tt4623742	Taiwan
tt9856336	Brazil
tt11670126	Vietnam
tt0386164	Brazil
tt0253839	France|Germany|Italy|Canada|USA|UK|Hungary|Spain|Czech Republic
tt1700448	Portugal
tt1596356	USA|Canada
tt2385928	Japan
tt1081667	Japan
tt10384106	Germany|Denmark
tt10631824	Finland
tt4786824	UK|USA
tt1405546	USA
tt6687358	Ukraine
tt3490432	France
tt0929642	Turkey
tt0350466	Bosnia and Herzegovina
tt9039148	France
tt0943903	UK
tt1058598	Finland
tt4134388	Taiwan
tt4242432	Japan
tt8687574	Singapore
tt6402362	UK
tt7978230	Turkey
tt4947280	Poland
tt1279972	USA
tt6612718	Russia
tt3597912	USA|UK
tt0131689	Canada
tt5236558	Japan
tt1217208	USA|Czech Republic|UK
tt8416372	Turkey
tt0499591	USA
tt2347925	USA
tt1530541	Australia
tt0920505	Germany
tt1039928	Dominican Republic
tt0448275	Turkey
tt9378362	Russia
tt1563698	Japan
tt0456804	Finland
tt10812304	Israel
tt5191110	USA|Germany
tt6487416	USA
tt1909991	USA
tt1947646	Chile
tt0388573	UK
tt1168671	Greece
tt10058616	Brazil
tt8030964	USA
tt0481459	UK
tt0477507	France
tt1750905	Japan
tt0838143	USA
tt6632308	France
tt0487825	Portugal
tt5249462	Japan
tt0395407	Finland
tt5841196	Australia
tt0408378	South Africa|Canada
tt2645122	Australia
tt0465353	USA
tt9710650	India
tt2382258	USA
tt0233338	France|Italy|Germany
tt4574736	Japan
tt2904418	Japan
tt4222234	Argentina
tt2058303	UK
tt0386244	USA
tt10463094	Tunisia
tt1245695	USA|Colombia|Canada
tt4380698	USA
tt0362372	Spain
tt7948998	USA
tt5178604	UK
tt3181298	USA
tt5016670	Ireland
tt11639908	France
tt1984317	Japan
tt2229167	USA
tt2071645	USA
tt2581736	Mexico
tt1649632	Mexico
tt2786956	USA
tt8714904	Mexico|USA
tt9817290	Taiwan
tt2384811	UK
tt1183865	USA
tt7045034	India
tt1695746	USA
tt3410350	USA
tt2560428	Japan
tt1279024	Japan
tt7871538	India
tt0366082	USA
tt0860267	Germany
tt0397442	USA
tt1506535	Canada
tt1685397	Japan
tt9871804	India
tt0418424	Canada
tt10366024	India
tt7915114	India
tt0373605	Japan
tt0384754	Czech Republic
tt0426667	Mexico
tt9002012	Japan
tt2799012	USA
tt0096658	France|Switzerland
tt3433534	India
tt0101114	UK
tt1394290	Slovakia
tt1382583	South Africa
tt10844310	USA
tt2258904	Australia
tt6038946	Sweden|Germany|Belgium
tt5303490	Turkey
tt6294486	USA
tt7562818	Portugal
tt5739588	Japan
tt4969748	Egypt
tt1883814	UK
tt0906548	Canada
tt0285356	USA
tt10161138	UK
tt7235466	USA
tt5195980	Japan
tt0473584	USA
tt0488265	Chile
tt1945680	Japan
tt3560060	USA
tt1663676	USA
tt2078818	Sweden
tt4574508	Turkey
tt0096597	Netherlands
tt3994462	Chile
tt1336911	Australia
tt0358809	USA
tt6129760	Germany|Czech Republic
tt10162528	India
tt2201365	USA
tt0859215	USA
tt6148324	Germany
tt0446241	USA
tt0386973	Norway
tt8979160	India
tt3958652	Australia
tt4236770	USA
tt1718776	Germany
tt1822448	UK
tt9067020	USA
tt4863504	Germany
tt2361632	USA
tt2250034	Japan
tt2407088	Japan
tt6160506	USA
tt3638488	Denmark
tt3892918	Russia
tt0827166	Netherlands
tt0252019	USA
tt10417572	Japan
tt3973830	Japan
tt0247135	USA
tt1563069	USA
tt0112035	Finland
tt0997271	Canada
tt3313942	Japan
tt0310460	USA
tt2674806	UK
tt2369472	Russia
tt2751074	USA
tt7278366	Japan
tt8594496	UK
tt1021031	Japan
tt2660806	USA
tt3901116	India
tt0496199	Colombia|Mexico
tt3002852	Italy
tt5332732	Iran
tt10723804	Turkey
tt0457255	UK
tt0187636	Australia|USA
tt0138785	Australia
tt8775650	Germany
tt2576832	Japan
tt8772364	India
tt0862620	UK
tt5172412	
tt8242548	India
tt3706628	UK
tt9083210	Poland
tt9314996	Taiwan
tt0212686	France|Japan|USA
tt3468798	USA
tt2794380	USA
tt0276674	Turkey
tt1440068	Japan
tt3471980	Netherlands
tt5537400	Iran
tt5614978	South Korea
tt2336352	UK
tt4635282	USA
tt6416550	Denmark
tt5597084	Official Sites:Official Facebook|Official site [CountryCode]
tt10893908	India
tt4261786	Colombia
tt4447390	USA
tt2786330	Canada
tt3758698	USA
tt4724346	Japan
tt1826071	Turkey
tt1885930	Venezuela
tt0362379	Canada
tt7535994	Turkey
tt3753374	Japan
tt1094444	India
tt6401396	Japan
tt1878805	Canada|Germany|UK
tt7112704	India
tt0415399	Germany
tt0075512	UK
tt11007006	Turkey
tt6461746	USA
tt0247087	USA
tt4243834	India
tt7386778	USA
tt2297604	UK
tt1741649	Czech Republic
tt3437410	USA
tt8326780	Brazil
tt10920508	Taiwan
tt1364465	Australia
tt0368530	USA
tt1301209	Germany
tt0955322	USA|Canada
tt0802630	Sweden
tt7242816	USA|Australia
tt0810726	USA|Australia
tt3228420	USA
tt2377981	Argentina
tt0315701	USA
tt4343334	Turkey
tt2051076	Mexico
tt2303687	UK
tt0360255	USA
tt2090697	Cambodia
tt1399664	UK|USA
tt5618104	South Korea
tt1405406	USA
tt7562112	USA
tt1208818	UK
tt5778482	Turkey
tt1842715	Japan
tt1593539	Germany
tt1936532	USA
tt0375364	Spain
tt4113078	New Zealand
tt0413614	Canada
tt1212037	Spain
tt6883560	Bangladesh
tt7423538	USA
tt9062846	UK
tt4171176	USA
tt6132720	Turkey
tt0451499	Argentina
tt0945259	UK
tt2093689	Iceland
tt0277531	Belgium
tt7093138	USA
tt1559258	Australia
tt1936962	USA
tt1757247	Mexico
tt10147676	Turkey
tt0937384	France
tt9325320	Sweden
tt5309758	South Korea
tt10370952	Taiwan
tt2342455	Portugal
tt5683508	USA
tt4731072	Japan
tt4568108	UK
tt5065318	Finland
tt1713826	UK
tt0897330	USA
tt2150740	Belgium
tt7976646	India
tt1167608	Japan
tt8517780	Spain
tt1135958	Spain
tt7772602	USA
tt0426672	Turkey
tt6199944	USA
tt3955680	USA
tt2033567	Canada
tt2937900	USA
tt1798274	USA
tt3865684	South Korea
tt0088512	UK
tt2315736	USA
tt2382598	UK
tt6137888	France
tt0429413	Spain
tt4118466	USA
tt7401034	Poland
tt6877772	USA
tt0433512	Greece
tt9126140	Denmark
tt1637727	USA|Canada
tt1393004	Canada
tt8765598	India
tt5619630	South Korea
tt0214383	UK
tt3348478	USA
tt11152678	Germany
tt10059744	Germany
tt1409913	Japan
tt5561622	Serbia
tt0374455	Canada|USA
tt7949218	USA
tt0426735	Turkey
tt5476238	South Korea
tt1515993	Japan
tt1519575	USA
tt3502262	USA
tt1165091	Japan
tt3644692	USA
tt2642456	Norway
tt3782838	USA
tt1482968	Germany
tt8147720	UK
tt8929622	Pakistan
tt8888322	Australia
tt6268466	UK
tt3904154	UK
tt6704040	Japan
tt0793361	West Germany
tt3956604	UK
tt2309295	USA
tt0373569	Mexico
tt2424426	Brazil
tt6462806	Turkey
tt0995012	Sweden
tt5358988	UK
tt9421436	France
tt4546288	Canada
tt0233026	Portugal
tt0989779	Japan
tt7456722	USA
tt5425188	USA
tt0305000	USA
tt5632472	Italy
tt1454440	Taiwan
tt10327354	USA
tt1983079	UK
tt4320944	Ireland
tt5210146	Brazil
tt3239204	USA
tt5817400	USA
tt0421030	USA
tt0421377	Turkey
tt3691530	Argentina
tt3278530	Philippines
tt5094380	India
tt2193242	Japan
tt3508158	Canada
tt7703440	UK
tt2402137	USA
tt0493327	USA
tt1599357	USA
tt2147761	Japan
tt4816626	USA
tt3037410	Japan
tt5247586	Netherlands
tt5797220	Canada|Germany|South Africa
tt0268081	Spain
tt2427220	France|Germany|Belgium|USA
tt2188931	USA
tt0491281	USA
tt0477217	Netherlands
tt0397806	UK
tt2983606	USA|Canada
tt7404870	Turkey
tt5151816	USA
tt6072694	Australia
tt0161233	USA
tt2357908	Ireland|UK
tt3196318	USA
tt0369219	Japan
tt5637544	USA
tt6868278	India
tt5002520	Australia
tt1019994	Japan
tt7771522	USA
tt9203928	Serbia
tt1564740	Spain
tt0208638	Norway
tt2222135	USA
tt11535184	India
tt0904106	Israel
tt6882202	Canada
tt0958611	USA
tt4182368	Israel
tt1069153	Canada
tt4489874	France
tt1213906	Netherlands
tt3459766	USA
tt7563270	USA
tt4742700	UK
tt7016936	USA|UK|Italy
tt0396997	UK
tt1333488	Serbia
tt1731860	Colombia
tt9251798	Norway|Denmark
tt0412142	USA
tt1593823	USA
tt1794147	Canada
tt0377232	Chile
tt0421401	Mexico
tt8768670	Chile
tt1467403	Canada
tt1920365	Portugal
tt1188927	UK
tt4385236	UK
tt7999996	Turkey
tt0235911	USA
tt6495880	UK
tt2299141	UK
tt4579480	France
tt1592154	USA
tt1595859	USA
tt1518917	Australia
tt1726834	Italy
tt0488693	Turkey
tt3107158	USA
tt1360346	Ireland|UK
tt5356276	Israel
tt8421006	USA
tt2357547	USA
tt2358586	Australia
tt5464086	USA
tt7168770	Japan
tt1104002	USA
tt1630024	Netherlands
tt1294092	Croatia
tt4258302	Japan
tt3271318	Egypt
tt10694620	USA
tt7817340	USA
tt1700450	South Africa
tt2146543	Japan
tt0460644	USA
tt9695118	Denmark
tt0780992	Japan
tt8873996	USA
tt3643554	Portugal
tt1736398	Netherlands
tt2115354	Russia|UK
tt0247086	USA
tt9689672	Israel
tt0247136	USA
tt7369974	USA
tt8425404	UK
tt5182854	Japan
tt0807832	Japan
tt5130208	Japan
tt0283229	Japan
tt0330251	Canada|USA
tt0090440	West Germany
tt8721824	USA
tt7594402	Peru
tt2735472	Denmark
tt1430509	UK
tt7933978	India
tt6437058	Canada
tt4791808	Argentina
tt9670886	Germany
tt0449736	Philippines
tt1783844	Belgium
tt0486236	France|Belgium|Switzerland
tt1922373	USA
tt3592708	Japan
tt4843490	Chile
tt0068069	UK
tt7381328	Croatia
tt0163437	UK
tt4452630	USA
tt2558212	Japan
tt1112802	Japan
tt0849988	UK
tt1551948	Australia
tt3280150	Norway
tt6318972	USA
tt8188114	Iran
tt0928093	Japan
tt3351520	Portugal
tt0362867	USA
tt0466345	Israel
tt2943834	India
tt8171788	India
tt1132203	Japan
tt0243067	USA
tt5193358	Australia
tt3112622	South Korea
tt0280330	UK
tt9850232	India
